Workbook

Sheet Read Me
A1: Shepparton United vs Echuca (2026 premiers): team stats workbook
A3: Sheet | B3: What it shows
A4: Where to Improve | B4: START HERE. Every stat: United vs Echuca vs league average per game, the gap, both clubs' league rank, and a verdict. Biggest Echuca advantages are at the top.
A5: Season For v Against | B5: Each club's season averages against its own opponents. Shows how much each club out-did (or was out-done by) the teams it played.
A6: United vs Each Opponent | B6: United's average stats against every opponent: own average, opponent's average and the difference.
A7: Echuca vs Each Opponent | B7: The same for Echuca, so you can compare how the premiers handled each club.
A8: United Games For / Against / Diff | B8: Every United game: United's stats, the opponent's stats, and the difference (formulas).
A9: Echuca Games For / Against / Diff | B9: Every Echuca game including their three finals.
A10: League Per Game | B10: All 12 clubs' per-game averages (the base for 'Where to Improve'). United = blue row, Echuca = green row.
A11: League Season Totals | B11: All 12 clubs' season totals. Finals teams played more games, so per-game is the fairer comparison.
A13: How to read it
B14: • 'Higher is better?' (yellow, blue text) says whether a bigger number is good (Y), bad (N, e.g. turnovers), or has no clear direction (?). You can change these; verdicts and shading update.
B15: • 'Gap in std devs' puts every stat on the same scale: 1.0 means the gap is as big as the typical spread between the 12 clubs. Above the threshold on 'Where to Improve' (0.75 by default) = PRIORITY.
B16: • Blue shading = United better, orange/red = Echuca (or the opponent) better.
A18: Data notes
B19: • Source: Premier Data (pdapp2.advancedhp.com.au), Shepparton United club account, scraped 25 Sep 2026. Season complete; Echuca won the grand final.
B20: • United played 18 games (no finals). Echuca's figures include 3 finals, which were against the strongest teams.
B21: • 'Pressure acts' (PRA) and 'Overall pressure' (PR) are different Premier Data measures; both are included.
B22: • Stats recorded as 0 for every club (frees against, bounces, KO) are left out of the league sheets.
B23: • 'Score sources' rows in 'Season For v Against' are Premier Data's scoring breakdown by source (e.g. scores from turnovers); the direction is left as '?'.
B24: • Stat codes GST and KO are not labelled by Premier Data.
A26: Stat codes
A27: 1% | B27: One-percenters
A28: B | B28: Behinds
A29: BOU | B29: Bounces
A30: BTKL | B30: Back 50 tackles
A31: BTO | B31: Back-half turnovers
A32: BUC | B32: Ball-up clearances
A33: C% | B33: Clearance efficiency %
A34: CC | B34: Centre clearances
A35: CM | B35: Contested marks
A36: CP | B36: Contested possessions
A37: Ch | B37: Chases
A38: Cl | B38: Clearances
... A92: UM | B92: Uncontested marks

Sheet Where to Improve
A1: Where Shepparton United needs to improve to play like the premiers (Echuca)
A2: Per-game averages from the 'League Per Game' sheet. Every number below is a formula. Rows are ordered by the size of the gap (biggest Echuca advantage first) as at 25 Sep 2026.
A3: Priority threshold (gap in standard deviations): | F3: 0.75 | G3: ← editable. Yellow cells with blue text are settings you can change.
A5: Stat | B5: Stat name | C5: Higher is better? | D5: United per game | E5: Echuca per game | F5: League average | G5: Gap (Echuca − United) | H5: Gap as % of United | I5: United rank (of 12) | J5: Echuca rank (of 12) | K5: Gap in std devs (+ = Echuca better) | L5: Verdict
A6: LBG | B6: Loose ball gets | C6: Y | D6: =INDEX('League Per Game'!$T$5:$T$16,MATCH("Shepparton United",'League Per Game'!$A$5:$A$16,0)) -> 49.6 | E6: =INDEX('League Per Game'!$T$5:$T$16,MATCH("Echuca",'League Per Game'!$A$5:$A$16,0)) -> 66 | F6: =AVERAGE('League Per Game'!$T$5:$T$16) -> 56.108333 | G6: =E6-D6 -> 16.4 | H6: =IF(D6=0,"",G6/D6) -> 0.33064516 | I6: =IF(C6="N",RANK(D6,'League Per Game'!$T$5:$T$16,1),RANK(D6,'League Per Game'!$T$5:$T$16,0)) -> 12 | J6: =IF(C6="N",RANK(E6,'League Per Game'!$T$5:$T$16,1),RANK(E6,'League Per Game'!$T$5:$T$16,0)) -> 1 | K6: =IF(OR(C6="?",STDEVP('League Per Game'!$T$5:$T$16)=0),"",IF(C6="N",-1,1)*G6/STDEVP('League Per Game'!$T$5:$T$16)) -> 3.2193543 | L6: =IF(K6="","Context only (no clear better direction)",IF(K6>=$F$3,"PRIORITY: Echuca well ahead",IF(K6>0,"Echuca ahead",IF(K6<=-$F$3,"United strength","United ahead or level")))) -> PRIORITY: Echuca well ahead
A7: Sm | B7: Smothers | C7: Y | D7: =INDEX('League Per Game'!$AM$5:$AM$16,MATCH("Shepparton United",'League Per Game'!$A$5:$A$16,0)) -> 3.2 | E7: =INDEX('League Per Game'!$AM$5:$AM$16,MATCH("Echuca",'League Per Game'!$A$5:$A$16,0)) -> 6 | F7: =AVERAGE('League Per Game'!$AM$5:$AM$16) -> 4.3083333 | G7: =E7-D7 -> 2.8 | H7: =IF(D7=0,"",G7/D7) -> 0.875 | I7: =IF(C7="N",RANK(D7,'League Per Game'!$AM$5:$AM$16,1),RANK(D7,'League Per Game'!$AM$5:$AM$16,0)) -> 11 | J7: =IF(C7="N",RANK(E7,'League Per Game'!$AM$5:$AM$16,1),RANK(E7,'League Per Game'!$AM$5:$AM$16,0)) -> 1 | K7: =IF(OR(C7="?",STDEVP('League Per Game'!$AM$5:$AM$16)=0),"",IF(C7="N",-1,1)*G7/STDEVP('League Per Game'!$AM$5:$AM$16)) -> 3.1128463 | L7: =IF(K7="","Context only (no clear better direction)",IF(K7>=$F$3,"PRIORITY: Echuca well ahead",IF(K7>0,"Echuca ahead",IF(K7<=-$F$3,"United strength","United ahead or level")))) -> PRIORITY: Echuca well ahead
A8: TGB | B8: Total groundball gets | C8: Y | D8: =INDEX('League Per Game'!$R$5:$R$16,MATCH("Shepparton United",'League Per Game'!$A$5:$A$16,0)) -> 77.9 | E8: =INDEX('League Per Game'!$R$5:$R$16,MATCH("Echuca",'League Per Game'!$A$5:$A$16,0)) -> 100.2 | F8: =AVERAGE('League Per Game'!$R$5:$R$16) -> 86.916667 | G8: =E8-D8 -> 22.3 | H8: =IF(D8=0,"",G8/D8) -> 0.28626444 | I8: =IF(C8="N",RANK(D8,'League Per Game'!$R$5:$R$16,1),RANK(D8,'League Per Game'!$R$5:$R$16,0)) -> 11 | J8: =IF(C8="N",RANK(E8,'League Per Game'!$R$5:$R$16,1),RANK(E8,'League Per Game'!$R$5:$R$16,0)) -> 1 | K8: =IF(OR(C8="?",STDEVP('League Per Game'!$R$5:$R$16)=0),"",IF(C8="N",-1,1)*G8/STDEVP('League Per Game'!$R$5:$R$16)) -> 3.0782869 | L8: =IF(K8="","Context only (no clear better direction)",IF(K8>=$F$3,"PRIORITY: Echuca well ahead",IF(K8>0,"Echuca ahead",IF(K8<=-$F$3,"United strength","United ahead or level")))) -> PRIORITY: Echuca well ahead
A9: 1% | B9: One-percenters | C9: Y | D9: =INDEX('League Per Game'!$AF$5:$AF$16,MATCH("Shepparton United",'League Per Game'!$A$5:$A$16,0)) -> 36.3 | E9: =INDEX('League Per Game'!$AF$5:$AF$16,MATCH("Echuca",'League Per Game'!$A$5:$A$16,0)) -> 45.4 | F9: =AVERAGE('League Per Game'!$AF$5:$AF$16) -> 43.308333 | G9: =E9-D9 -> 9.1 | H9: =IF(D9=0,"",G9/D9) -> 0.25068871 | I9: =IF(C9="N",RANK(D9,'League Per Game'!$AF$5:$AF$16,1),RANK(D9,'League Per Game'!$AF$5:$AF$16,0)) -> 12 | J9: =IF(C9="N",RANK(E9,'League Per Game'!$AF$5:$AF$16,1),RANK(E9,'League Per Game'!$AF$5:$AF$16,0)) -> 4 | K9: =IF(OR(C9="?",STDEVP('League Per Game'!$AF$5:$AF$16)=0),"",IF(C9="N",-1,1)*G9/STDEVP('League Per Game'!$AF$5:$AF$16)) -> 2.7803366 | L9: =IF(K9="","Context only (no clear better direction)",IF(K9>=$F$3,"PRIORITY: Echuca well ahead",IF(K9>0,"Echuca ahead",IF(K9<=-$F$3,"United strength","United ahead or level")))) -> PRIORITY: Echuca well ahead
A10: CP | B10: Contested possessions | C10: Y | D10: =INDEX('League Per Game'!$G$5:$G$16,MATCH("Shepparton United",'League Per Game'!$A$5:$A$16,0)) -> 128.9 | E10: =INDEX('League Per Game'!$G$5:$G$16,MATCH("Echuca",'League Per Game'!$A$5:$A$16,0)) -> 152.9 | F10: =AVERAGE('League Per Game'!$G$5:$G$16) -> 136.55833 | G10: =E10-D10 -> 24 | H10: =IF(D10=0,"",G10/D10) -> 0.18619085 | I10: =IF(C10="N",RANK(D10,'League Per Game'!$G$5:$G$16,1),RANK(D10,'League Per Game'!$G$5:$G$16,0)) -> 8 | J10: =IF(C10="N",RANK(E10,'League Per Game'!$G$5:$G$16,1),RANK(E10,'League Per Game'!$G$5:$G$16,0)) -> 1 | K10: =IF(OR(C10="?",STDEVP('League Per Game'!$G$5:$G$16)=0),"",IF(C10="N",-1,1)*G10/STDEVP('League Per Game'!$G$5:$G$16)) -> 2.6100462 | L10: =IF(K10="","Context only (no clear better direction)",IF(K10>=$F$3,"PRIORITY: Echuca well ahead",IF(K10>0,"Echuca ahead",IF(K10<=-$F$3,"United strength","United ahead or level")))) -> PRIORITY: Echuca well ahead
A11: PR | B11: Overall pressure | C11: Y | D11: =INDEX('League Per Game'!$AK$5:$AK$16,MATCH("Shepparton United",'League Per Game'!$A$5:$A$16,0)) -> 105.2 | E11: =INDEX('League Per Game'!$AK$5:$AK$16,MATCH("Echuca",'League Per Game'!$A$5:$A$16,0)) -> 129.4 | F11: =AVERAGE('League Per Game'!$AK$5:$AK$16) -> 124.21667 | G11: =E11-D11 -> 24.2 | H11: =IF(D11=0,"",G11/D11) -> 0.23003802 | I11: =IF(C11="N",RANK(D11,'League Per Game'!$AK$5:$AK$16,1),RANK(D11,'League Per Game'!$AK$5:$AK$16,0)) -> 12 | J11: =IF(C11="N",RANK(E11,'League Per Game'!$AK$5:$AK$16,1),RANK(E11,'League Per Game'!$AK$5:$AK$16,0)) -> 5 | K11: =IF(OR(C11="?",STDEVP('League Per Game'!$AK$5:$AK$16)=0),"",IF(C11="N",-1,1)*G11/STDEVP('League Per Game'!$AK$5:$AK$16)) -> 2.5195616 | L11: =IF(K11="","Context only (no clear better direction)",IF(K11>=$F$3,"PRIORITY: Echuca well ahead",IF(K11>0,"Echuca ahead",IF(K11<=-$F$3,"United strength","United ahead or level")))) -> PRIORITY: Echuca well ahead
A12: Sp | B12: Spoils | C12: Y | D12: =INDEX('League Per Game'!$AN$5:$AN$16,MATCH("Shepparton United",'League Per Game'!$A$5:$A$16,0)) -> 13.7 | E12: =INDEX('League Per Game'!$AN$5:$AN$16,MATCH("Echuca",'League Per Game'!$A$5:$A$16,0)) -> 19.4 | F12: =AVERAGE('League Per Game'!$AN$5:$AN$16) -> 17.691667 | G12: =E12-D12 -> 5.7 | H12: =IF(D12=0,"",G12/D12) -> 0.41605839 | I12: =IF(C12="N",RANK(D12,'League Per Game'!$AN$5:$AN$16,1),RANK(D12,'League Per Game'!$AN$5:$AN$16,0)) -> 12 | J12: =IF(C12="N",RANK(E12,'League Per Game'!$AN$5:$AN$16,1),RANK(E12,'League Per Game'!$AN$5:$AN$16,0)) -> 4 | K12: =IF(OR(C12="?",STDEVP('League Per Game'!$AN$5:$AN$16)=0),"",IF(C12="N",-1,1)*G12/STDEVP('League Per Game'!$AN$5:$AN$16)) -> 2.3915061 | L12: =IF(K12="","Context only (no clear better direction)",IF(K12>=$F$3,"PRIORITY: Echuca well ahead",IF(K12>0,"Echuca ahead",IF(K12<=-$F$3,"United strength","United ahead or level")))) -> PRIORITY: Echuca well ahead
A13: MTKL | B13: Midfield tackles | C13: Y | D13: =INDEX('League Per Game'!$AP$5:$AP$16,MATCH("Shepparton United",'League Per Game'!$A$5:$A$16,0)) -> 34.3 | E13: =INDEX('League Per Game'!$AP$5:$AP$16,MATCH("Echuca",'League Per Game'!$A$5:$A$16,0)) -> 42.9 | F13: =AVERAGE('League Per Game'!$AP$5:$AP$16) -> 38.191667 | G13: =E13-D13 -> 8.6 | H13: =IF(D13=0,"",G13/D13) -> 0.25072886 | I13: =IF(C13="N",RANK(D13,'League Per Game'!$AP$5:$AP$16,1),RANK(D13,'League Per Game'!$AP$5:$AP$16,0)) -> 10 | J13: =IF(C13="N",RANK(E13,'League Per Game'!$AP$5:$AP$16,1),RANK(E13,'League Per Game'!$AP$5:$AP$16,0)) -> 2 | K13: =IF(OR(C13="?",STDEVP('League Per Game'!$AP$5:$AP$16)=0),"",IF(C13="N",-1,1)*G13/STDEVP('League Per Game'!$AP$5:$AP$16)) -> 2.2876523 | L13: =IF(K13="","Context only (no clear better direction)",IF(K13>=$F$3,"PRIORITY: Echuca well ahead",IF(K13>0,"Echuca ahead",IF(K13<=-$F$3,"United strength","United ahead or level")))) -> PRIORITY: Echuca well ahead
A14: TIC | B14: Throw-in clearances | C14: Y | D14: =INDEX('League Per Game'!$AB$5:$AB$16,MATCH("Shepparton United",'League Per Game'!$A$5:$A$16,0)) -> 11.7 | E14: =INDEX('League Per Game'!$AB$5:$AB$16,MATCH("Echuca",'League Per Game'!$A$5:$A$16,0)) -> 12.8 | F14: =AVERAGE('League Per Game'!$AB$5:$AB$16) -> 12.633333 | G14: =E14-D14 -> 1.1 | H14: =IF(D14=0,"",G14/D14) -> 0.094017094 | I14: =IF(C14="N",RANK(D14,'League Per Game'!$AB$5:$AB$16,1),RANK(D14,'League Per Game'!$AB$5:$AB$16,0)) -> 12 | J14: =IF(C14="N",RANK(E14,'League Per Game'!$AB$5:$AB$16,1),RANK(E14,'League Per Game'!$AB$5:$AB$16,0)) -> 4 | K14: =IF(OR(C14="?",STDEVP('League Per Game'!$AB$5:$AB$16)=0),"",IF(C14="N",-1,1)*G14/STDEVP('League Per Game'!$AB$5:$AB$16)) -> 1.9428579 | L14: =IF(K14="","Context only (no clear better direction)",IF(K14>=$F$3,"PRIORITY: Echuca well ahead",IF(K14>0,"Echuca ahead",IF(K14<=-$F$3,"United strength","United ahead or level")))) -> PRIORITY: Echuca well ahead
A15: T | B15: Tackles | C15: Y | D15: =INDEX('League Per Game'!$O$5:$O$16,MATCH("Shepparton United",'League Per Game'!$A$5:$A$16,0)) -> 55.2 | E15: =INDEX('League Per Game'!$O$5:$O$16,MATCH("Echuca",'League Per Game'!$A$5:$A$16,0)) -> 66 | F15: =AVERAGE('League Per Game'!$O$5:$O$16) -> 62.033333 | G15: =E15-D15 -> 10.8 | H15: =IF(D15=0,"",G15/D15) -> 0.19565217 | I15: =IF(C15="N",RANK(D15,'League Per Game'!$O$5:$O$16,1),RANK(D15,'League Per Game'!$O$5:$O$16,0)) -> 10 | J15: =IF(C15="N",RANK(E15,'League Per Game'!$O$5:$O$16,1),RANK(E15,'League Per Game'!$O$5:$O$16,0)) -> 4 | K15: =IF(OR(C15="?",STDEVP('League Per Game'!$O$5:$O$16)=0),"",IF(C15="N",-1,1)*G15/STDEVP('League Per Game'!$O$5:$O$16)) -> 1.7671968 | L15: =IF(K15="","Context only (no clear better direction)",IF(K15>=$F$3,"PRIORITY: Echuca well ahead",IF(K15>0,"Echuca ahead",IF(K15<=-$F$3,"United strength","United ahead or level")))) -> PRIORITY: Echuca well ahead
A16: HB | B16: Handballs | C16: Y | D16: =INDEX('League Per Game'!$F$5:$F$16,MATCH("Shepparton United",'League Per Game'!$A$5:$A$16,0)) -> 125.4 | E16: =INDEX('League Per Game'!$F$5:$F$16,MATCH("Echuca",'League Per Game'!$A$5:$A$16,0)) -> 142.5 | F16: =AVERAGE('League Per Game'!$F$5:$F$16) -> 129.74167 | G16: =E16-D16 -> 17.1 | H16: =IF(D16=0,"",G16/D16) -> 0.13636364 | I16: =IF(C16="N",RANK(D16,'League Per Game'!$F$5:$F$16,1),RANK(D16,'League Per Game'!$F$5:$F$16,0)) -> 8 | J16: =IF(C16="N",RANK(E16,'League Per Game'!$F$5:$F$16,1),RANK(E16,'League Per Game'!$F$5:$F$16,0)) -> 1 | K16: =IF(OR(C16="?",STDEVP('League Per Game'!$F$5:$F$16)=0),"",IF(C16="N",-1,1)*G16/STDEVP('League Per Game'!$F$5:$F$16)) -> 1.7626765 | L16: =IF(K16="","Context only (no clear better direction)",IF(K16>=$F$3,"PRIORITY: Echuca well ahead",IF(K16>0,"Echuca ahead",IF(K16<=-$F$3,"United strength","United ahead or level")))) -> PRIORITY: Echuca well ahead
A17: HBG | B17: Hard ball gets | C17: Y | D17: =INDEX('League Per Game'!$S$5:$S$16,MATCH("Shepparton United",'League Per Game'!$A$5:$A$16,0)) -> 28.4 | E17: =INDEX('League Per Game'!$S$5:$S$16,MATCH("Echuca",'League Per Game'!$A$5:$A$16,0)) -> 34.1 | F17: =AVERAGE('League Per Game'!$S$5:$S$16) -> 30.816667 | G17: =E17-D17 -> 5.7 | H17: =IF(D17=0,"",G17/D17) -> 0.20070423 | I17: =IF(C17="N",RANK(D17,'League Per Game'!$S$5:$S$16,1),RANK(D17,'League Per Game'!$S$5:$S$16,0)) -> 9 | J17: =IF(C17="N",RANK(E17,'League Per Game'!$S$5:$S$16,1),RANK(E17,'League Per Game'!$S$5:$S$16,0)) -> 2 | K17: =IF(OR(C17="?",STDEVP('League Per Game'!$S$5:$S$16)=0),"",IF(C17="N",-1,1)*G17/STDEVP('League Per Game'!$S$5:$S$16)) -> 1.7292809 | L17: =IF(K17="","Context only (no clear better direction)",IF(K17>=$F$3,"PRIORITY: Echuca well ahead",IF(K17>0,"Echuca ahead",IF(K17<=-$F$3,"United strength","United ahead or level")))) -> PRIORITY: Echuca well ahead
A18: GA% | B18: Goal accuracy % | C18: Y | D18: =INDEX('League Per Game'!$AS$5:$AS$16,MATCH("Shepparton United",'League Per Game'!$A$5:$A$16,0)) -> 50 | E18: =INDEX('League Per Game'!$AS$5:$AS$16,MATCH("Echuca",'League Per Game'!$A$5:$A$16,0)) -> 53 | F18: =AVERAGE('League Per Game'!$AS$5:$AS$16) -> 49.666667 | G18: =E18-D18 -> 3 | H18: =IF(D18=0,"",G18/D18) -> 0.06 | I18: =IF(C18="N",RANK(D18,'League Per Game'!$AS$5:$AS$16,1),RANK(D18,'League Per Game'!$AS$5:$AS$16,0)) -> 4 | J18: =IF(C18="N",RANK(E18,'League Per Game'!$AS$5:$AS$16,1),RANK(E18,'League Per Game'!$AS$5:$AS$16,0)) -> 1 | K18: =IF(OR(C18="?",STDEVP('League Per Game'!$AS$5:$AS$16)=0),"",IF(C18="N",-1,1)*G18/STDEVP('League Per Game'!$AS$5:$AS$16)) -> 1.671258 | L18: =IF(K18="","Context only (no clear better direction)",IF(K18>=$F$3,"PRIORITY: Echuca well ahead",IF(K18>0,"Echuca ahead",IF(K18<=-$F$3,"United strength","United ahead or level")))) -> PRIORITY: Echuca well ahead
A19: IP | B19: Intercept possessions | C19: Y | D19: =INDEX('League Per Game'!$N$5:$N$16,MATCH("Shepparton United",'League Per Game'!$A$5:$A$16,0)) -> 68.3 | E19: =INDEX('League Per Game'!$N$5:$N$16,MATCH("Echuca",'League Per Game'!$A$5:$A$16,0)) -> 74.2 | F19: =AVERAGE('League Per Game'!$N$5:$N$16) -> 70.15 | G19: =E19-D19 -> 5.9 | H19: =IF(D19=0,"",G19/D19) -> 0.086383602 | I19: =IF(C19="N",RANK(D19,'League Per Game'!$N$5:$N$16,1),RANK(D19,'League Per Game'!$N$5:$N$16,0)) -> 8 | J19: =IF(C19="N",RANK(E19,'League Per Game'!$N$5:$N$16,1),RANK(E19,'League Per Game'!$N$5:$N$16,0)) -> 2 | K19: =IF(OR(C19="?",STDEVP('League Per Game'!$N$5:$N$16)=0),"",IF(C19="N",-1,1)*G19/STDEVP('League Per Game'!$N$5:$N$16)) -> 1.51419 | L19: =IF(K19="","Context only (no clear better direction)",IF(K19>=$F$3,"PRIORITY: Echuca well ahead",IF(K19>0,"Echuca ahead",IF(K19<=-$F$3,"United strength","United ahead or level")))) -> PRIORITY: Echuca well ahead
A20: GA | B20: Goal assists | C20: Y | D20: =INDEX('League Per Game'!$AR$5:$AR$16,MATCH("Shepparton United",'League Per Game'!$A$5:$A$16,0)) -> 9.7 | E20: =INDEX('League Per Game'!$AR$5:$AR$16,MATCH("Echuca",'League Per Game'!$A$5:$A$16,0)) -> 13.1 | F20: =AVERAGE('League Per Game'!$AR$5:$AR$16) -> 9.2583333 | G20: =E20-D20 -> 3.4 | H20: =IF(D20=0,"",G20/D20) -> 0.35051546 | I20: =IF(C20="N",RANK(D20,'League Per Game'!$AR$5:$AR$16,1),RANK(D20,'League Per Game'!$AR$5:$AR$16,0)) -> 6 | J20: =IF(C20="N",RANK(E20,'League Per Game'!$AR$5:$AR$16,1),RANK(E20,'League Per Game'!$AR$5:$AR$16,0)) -> 1 | K20: =IF(OR(C20="?",STDEVP('League Per Game'!$AR$5:$AR$16)=0),"",IF(C20="N",-1,1)*G20/STDEVP('League Per Game'!$AR$5:$AR$16)) -> 1.4849525 | L20: =IF(K20="","Context only (no clear better direction)",IF(K20>=$F$3,"PRIORITY: Echuca well ahead",IF(K20>0,"Echuca ahead",IF(K20<=-$F$3,"United strength","United ahead or level")))) -> PRIORITY: Echuca well ahead
A21: H% | B21: Handball efficiency % | C21: Y | D21: =INDEX('League Per Game'!$AV$5:$AV$16,MATCH("Shepparton United",'League Per Game'!$A$5:$A$16,0)) -> 77 | E21: =INDEX('League Per Game'!$AV$5:$AV$16,MATCH("Echuca",'League Per Game'!$A$5:$A$16,0)) -> 79 | F21: =AVERAGE('League Per Game'!$AV$5:$AV$16) -> 77.666667 | G21: =E21-D21 -> 2 | H21: =IF(D21=0,"",G21/D21) -> 0.025974026 | I21: =IF(C21="N",RANK(D21,'League Per Game'!$AV$5:$AV$16,1),RANK(D21,'League Per Game'!$AV$5:$AV$16,0)) -> 9 | J21: =IF(C21="N",RANK(E21,'League Per Game'!$AV$5:$AV$16,1),RANK(E21,'League Per Game'!$AV$5:$AV$16,0)) -> 1 | K21: =IF(OR(C21="?",STDEVP('League Per Game'!$AV$5:$AV$16)=0),"",IF(C21="N",-1,1)*G21/STDEVP('League Per Game'!$AV$5:$AV$16)) -> 1.3949717 | L21: =IF(K21="","Context only (no clear better direction)",IF(K21>=$F$3,"PRIORITY: Echuca well ahead",IF(K21>0,"Echuca ahead",IF(K21<=-$F$3,"United strength","United ahead or level")))) -> PRIORITY: Echuca well ahead
A22: G | B22: Goals | C22: Y | D22: =INDEX('League Per Game'!$K$5:$K$16,MATCH("Shepparton United",'League Per Game'!$A$5:$A$16,0)) -> 11.6 | E22: =INDEX('League Per Game'!$K$5:$K$16,MATCH("Echuca",'League Per Game'!$A$5:$A$16,0)) -> 14.8 | F22: =AVERAGE('League Per Game'!$K$5:$K$16) -> 10.975 | G22: =E22-D22 -> 3.2 | H22: =IF(D22=0,"",G22/D22) -> 0.27586207 | I22: =IF(C22="N",RANK(D22,'League Per Game'!$K$5:$K$16,1),RANK(D22,'League Per Game'!$K$5:$K$16,0)) -> 6 | J22: =IF(C22="N",RANK(E22,'League Per Game'!$K$5:$K$16,1),RANK(E22,'League Per Game'!$K$5:$K$16,0)) -> 1 | K22: =IF(OR(C22="?",STDEVP('League Per Game'!$K$5:$K$16)=0),"",IF(C22="N",-1,1)*G22/STDEVP('League Per Game'!$K$5:$K$16)) -> 1.2639035 | L22: =IF(K22="","Context only (no clear better direction)",IF(K22>=$F$3,"PRIORITY: Echuca well ahead",IF(K22>0,"Echuca ahead",IF(K22<=-$F$3,"United strength","United ahead or level")))) -> PRIORITY: Echuca well ahead
A23: D | B23: Disposals | C23: Y | D23: =INDEX('League Per Game'!$D$5:$D$16,MATCH("Shepparton United",'League Per Game'!$A$5:$A$16,0)) -> 349.7 | E23: =INDEX('League Per Game'!$D$5:$D$16,MATCH("Echuca",'League Per Game'!$A$5:$A$16,0)) -> 372.4 | F23: =AVERAGE('League Per Game'!$D$5:$D$16) -> 339.38333 | G23: =E23-D23 -> 22.7 | H23: =IF(D23=0,"",G23/D23) -> 0.064912782 | I23: =IF(C23="N",RANK(D23,'League Per Game'!$D$5:$D$16,1),RANK(D23,'League Per Game'!$D$5:$D$16,0)) -> 4 | J23: =IF(C23="N",RANK(E23,'League Per Game'!$D$5:$D$16,1),RANK(E23,'League Per Game'!$D$5:$D$16,0)) -> 2 | K23: =IF(OR(C23="?",STDEVP('League Per Game'!$D$5:$D$16)=0),"",IF(C23="N",-1,1)*G23/STDEVP('League Per Game'!$D$5:$D$16)) -> 1.2213724 | L23: =IF(K23="","Context only (no clear better direction)",IF(K23>=$F$3,"PRIORITY: Echuca well ahead",IF(K23>0,"Echuca ahead",IF(K23<=-$F$3,"United strength","United ahead or level")))) -> PRIORITY: Echuca well ahead
A24: RP | B24: Ranking points (Premier Data impact score) | C24: Y | D24: =INDEX('League Per Game'!$C$5:$C$16,MATCH("Shepparton United",'League Per Game'!$A$5:$A$16,0)) -> 1617.7 | E24: =INDEX('League Per Game'!$C$5:$C$16,MATCH("Echuca",'League Per Game'!$A$5:$A$16,0)) -> 1739.5 | F24: =AVERAGE('League Per Game'!$C$5:$C$16) -> 1572.3667 | G24: =E24-D24 -> 121.8 | H24: =IF(D24=0,"",G24/D24) -> 0.075292081 | I24: =IF(C24="N",RANK(D24,'League Per Game'!$C$5:$C$16,1),RANK(D24,'League Per Game'!$C$5:$C$16,0)) -> 4 | J24: =IF(C24="N",RANK(E24,'League Per Game'!$C$5:$C$16,1),RANK(E24,'League Per Game'!$C$5:$C$16,0)) -> 1 | K24: =IF(OR(C24="?",STDEVP('League Per Game'!$C$5:$C$16)=0),"",IF(C24="N",-1,1)*G24/STDEVP('League Per Game'!$C$5:$C$16)) -> 1.1621605 | L24: =IF(K24="","Context only (no clear better direction)",IF(K24>=$F$3,"PRIORITY: Echuca well ahead",IF(K24>0,"Echuca ahead",IF(K24<=-$F$3,"United strength","United ahead or level")))) -> PRIORITY: Echuca well ahead
A25: I50% | B25: Inside-50 efficiency % | C25: Y | D25: =INDEX('League Per Game'!$AW$5:$AW$16,MATCH("Shepparton United",'League Per Game'!$A$5:$A$16,0)) -> 51 | E25: =INDEX('League Per Game'!$AW$5:$AW$16,MATCH("Echuca",'League Per Game'!$A$5:$A$16,0)) -> 54 | F25: =AVERAGE('League Per Game'!$AW$5:$AW$16) -> 49.416667 | G25: =E25-D25 -> 3 | H25: =IF(D25=0,"",G25/D25) -> 0.058823529 | I25: =IF(C25="N",RANK(D25,'League Per Game'!$AW$5:$AW$16,1),RANK(D25,'League Per Game'!$AW$5:$AW$16,0)) -> 2 | J25: =IF(C25="N",RANK(E25,'League Per Game'!$AW$5:$AW$16,1),RANK(E25,'League Per Game'!$AW$5:$AW$16,0)) -> 1 | K25: =IF(OR(C25="?",STDEVP('League Per Game'!$AW$5:$AW$16)=0),"",IF(C25="N",-1,1)*G25/STDEVP('League Per Game'!$AW$5:$AW$16)) -> 1.0899087 | L25: =IF(K25="","Context only (no clear better direction)",IF(K25>=$F$3,"PRIORITY: Echuca well ahead",IF(K25>0,"Echuca ahead",IF(K25<=-$F$3,"United strength","United ahead or level")))) -> PRIORITY: Echuca well ahead
A26: C% | B26: Clearance efficiency % | C26: Y | D26: =INDEX('League Per Game'!$AX$5:$AX$16,MATCH("Shepparton United",'League Per Game'!$A$5:$A$16,0)) -> 61 | E26: =INDEX('League Per Game'!$AX$5:$AX$16,MATCH("Echuca",'League Per Game'!$A$5:$A$16,0)) -> 64 | F26: =AVERAGE('League Per Game'!$AX$5:$AX$16) -> 61.583333 | G26: =E26-D26 -> 3 | H26: =IF(D26=0,"",G26/D26) -> 0.049180328 | I26: =IF(C26="N",RANK(D26,'League Per Game'!$AX$5:$AX$16,1),RANK(D26,'League Per Game'!$AX$5:$AX$16,0)) -> 7 | J26: =IF(C26="N",RANK(E26,'League Per Game'!$AX$5:$AX$16,1),RANK(E26,'League Per Game'!$AX$5:$AX$16,0)) -> 3 | K26: =IF(OR(C26="?",STDEVP('League Per Game'!$AX$5:$AX$16)=0),"",IF(C26="N",-1,1)*G26/STDEVP('League Per Game'!$AX$5:$AX$16)) -> 1.0666959 | L26: =IF(K26="","Context only (no clear better direction)",IF(K26>=$F$3,"PRIORITY: Echuca well ahead",IF(K26>0,"Echuca ahead",IF(K26<=-$F$3,"United strength","United ahead or level")))) -> PRIORITY: Echuca well ahead
A27: I50 | B27: Inside 50s | C27: Y | D27: =INDEX('League Per Game'!$J$5:$J$16,MATCH("Shepparton United",'League Per Game'!$A$5:$A$16,0)) -> 48.3 | E27: =INDEX('League Per Game'!$J$5:$J$16,MATCH("Echuca",'League Per Game'!$A$5:$A$16,0)) -> 55.6 | F27: =AVERAGE('League Per Game'!$J$5:$J$16) -> 47.008333 | G27: =E27-D27 -> 7.3 | H27: =IF(D27=0,"",G27/D27) -> 0.15113872 | I27: =IF(C27="N",RANK(D27,'League Per Game'!$J$5:$J$16,1),RANK(D27,'League Per Game'!$J$5:$J$16,0)) -> 7 | J27: =IF(C27="N",RANK(E27,'League Per Game'!$J$5:$J$16,1),RANK(E27,'League Per Game'!$J$5:$J$16,0)) -> 1 | K27: =IF(OR(C27="?",STDEVP('League Per Game'!$J$5:$J$16)=0),"",IF(C27="N",-1,1)*G27/STDEVP('League Per Game'!$J$5:$J$16)) -> 1.0010579 | L27: =IF(K27="","Context only (no clear better direction)",IF(K27>=$F$3,"PRIORITY: Echuca well ahead",IF(K27>0,"Echuca ahead",IF(K27<=-$F$3,"United strength","United ahead or level")))) -> PRIORITY: Echuca well ahead
A28: SI | B28: Score involvements | C28: Y | D28: =INDEX('League Per Game'!$M$5:$M$16,MATCH("Shepparton United",'League Per Game'!$A$5:$A$16,0)) -> 84.4 | E28: =INDEX('League Per Game'!$M$5:$M$16,MATCH("Echuca",'League Per Game'!$A$5:$A$16,0)) -> 100.1 | F28: =AVERAGE('League Per Game'!$M$5:$M$16) -> 75.95 | G28: =E28-D28 -> 15.7 | H28: =IF(D28=0,"",G28/D28) -> 0.18601896 | I28: =IF(C28="N",RANK(D28,'League Per Game'!$M$5:$M$16,1),RANK(D28,'League Per Game'!$M$5:$M$16,0)) -> 5 | J28: =IF(C28="N",RANK(E28,'League Per Game'!$M$5:$M$16,1),RANK(E28,'League Per Game'!$M$5:$M$16,0)) -> 1 | K28: =IF(OR(C28="?",STDEVP('League Per Game'!$M$5:$M$16)=0),"",IF(C28="N",-1,1)*G28/STDEVP('League Per Game'!$M$5:$M$16)) -> 0.95142051 | L28: =IF(K28="","Context only (no clear better direction)",IF(K28>=$F$3,"PRIORITY: Echuca well ahead",IF(K28>0,"Echuca ahead",IF(K28<=-$F$3,"United strength","United ahead or level")))) -> PRIORITY: Echuca well ahead
A29: CC | B29: Centre clearances | C29: Y | D29: =INDEX('League Per Game'!$Z$5:$Z$16,MATCH("Shepparton United",'League Per Game'!$A$5:$A$16,0)) -> 10 | E29: =INDEX('League Per Game'!$Z$5:$Z$16,MATCH("Echuca",'League Per Game'!$A$5:$A$16,0)) -> 10.8 | F29: =AVERAGE('League Per Game'!$Z$5:$Z$16) -> 10.233333 | G29: =E29-D29 -> 0.8 | H29: =IF(D29=0,"",G29/D29) -> 0.08 | I29: =IF(C29="N",RANK(D29,'League Per Game'!$Z$5:$Z$16,1),RANK(D29,'League Per Game'!$Z$5:$Z$16,0)) -> 7 | J29: =IF(C29="N",RANK(E29,'League Per Game'!$Z$5:$Z$16,1),RANK(E29,'League Per Game'!$Z$5:$Z$16,0)) -> 5 | K29: =IF(OR(C29="?",STDEVP('League Per Game'!$Z$5:$Z$16)=0),"",IF(C29="N",-1,1)*G29/STDEVP('League Per Game'!$Z$5:$Z$16)) -> 0.72911626 | L29: =IF(K29="","Context only (no clear better direction)",IF(K29>=$F$3,"PRIORITY: Echuca well ahead",IF(K29>0,"Echuca ahead",IF(K29<=-$F$3,"United strength","United ahead or level")))) -> Echuca ahead
A30: CM | B30: Contested marks | C30: Y | D30: =INDEX('League Per Game'!$V$5:$V$16,MATCH("Shepparton United",'League Per Game'!$A$5:$A$16,0)) -> 14.3 | E30: =INDEX('League Per Game'!$V$5:$V$16,MATCH("Echuca",'League Per Game'!$A$5:$A$16,0)) -> 15.4 | F30: =AVERAGE('League Per Game'!$V$5:$V$16) -> 13.283333 | G30: =E30-D30 -> 1.1 | H30: =IF(D30=0,"",G30/D30) -> 0.076923077 | I30: =IF(C30="N",RANK(D30,'League Per Game'!$V$5:$V$16,1),RANK(D30,'League Per Game'!$V$5:$V$16,0)) -> 4 | J30: =IF(C30="N",RANK(E30,'League Per Game'!$V$5:$V$16,1),RANK(E30,'League Per Game'!$V$5:$V$16,0)) -> 2 | K30: =IF(OR(C30="?",STDEVP('League Per Game'!$V$5:$V$16)=0),"",IF(C30="N",-1,1)*G30/STDEVP('League Per Game'!$V$5:$V$16)) -> 0.64375693 | L30: =IF(K30="","Context only (no clear better direction)",IF(K30>=$F$3,"PRIORITY: Echuca well ahead",IF(K30>0,"Echuca ahead",IF(K30<=-$F$3,"United strength","United ahead or level")))) -> Echuca ahead
A31: Cl | B31: Clearances | C31: Y | D31: =INDEX('League Per Game'!$I$5:$I$16,MATCH("Shepparton United",'League Per Game'!$A$5:$A$16,0)) -> 41.8 | E31: =INDEX('League Per Game'!$I$5:$I$16,MATCH("Echuca",'League Per Game'!$A$5:$A$16,0)) -> 43.6 | F31: =AVERAGE('League Per Game'!$I$5:$I$16) -> 42.316667 | G31: =E31-D31 -> 1.8 | H31: =IF(D31=0,"",G31/D31) -> 0.043062201 | I31: =IF(C31="N",RANK(D31,'League Per Game'!$I$5:$I$16,1),RANK(D31,'League Per Game'!$I$5:$I$16,0)) -> 8 | J31: =IF(C31="N",RANK(E31,'League Per Game'!$I$5:$I$16,1),RANK(E31,'League Per Game'!$I$5:$I$16,0)) -> 6 | K31: =IF(OR(C31="?",STDEVP('League Per Game'!$I$5:$I$16)=0),"",IF(C31="N",-1,1)*G31/STDEVP('League Per Game'!$I$5:$I$16)) -> 0.59211203 | L31: =IF(K31="","Context only (no clear better direction)",IF(K31>=$F$3,"PRIORITY: Echuca well ahead",IF(K31>0,"Echuca ahead",IF(K31<=-$F$3,"United strength","United ahead or level")))) -> Echuca ahead
A32: FTKL | B32: Forward 50 tackles | C32: Y | D32: =INDEX('League Per Game'!$AO$5:$AO$16,MATCH("Shepparton United",'League Per Game'!$A$5:$A$16,0)) -> 10.2 | E32: =INDEX('League Per Game'!$AO$5:$AO$16,MATCH("Echuca",'League Per Game'!$A$5:$A$16,0)) -> 11.5 | F32: =AVERAGE('League Per Game'!$AO$5:$AO$16) -> 11.066667 | G32: =E32-D32 -> 1.3 | H32: =IF(D32=0,"",G32/D32) -> 0.12745098 | I32: =IF(C32="N",RANK(D32,'League Per Game'!$AO$5:$AO$16,1),RANK(D32,'League Per Game'!$AO$5:$AO$16,0)) -> 9 | J32: =IF(C32="N",RANK(E32,'League Per Game'!$AO$5:$AO$16,1),RANK(E32,'League Per Game'!$AO$5:$AO$16,0)) -> 6 | K32: =IF(OR(C32="?",STDEVP('League Per Game'!$AO$5:$AO$16)=0),"",IF(C32="N",-1,1)*G32/STDEVP('League Per Game'!$AO$5:$AO$16)) -> 0.5590572 | L32: =IF(K32="","Context only (no clear better direction)",IF(K32>=$F$3,"PRIORITY: Echuca well ahead",IF(K32>0,"Echuca ahead",IF(K32<=-$F$3,"United strength","United ahead or level")))) -> Echuca ahead
A33: BTKL | B33: Back 50 tackles | C33: Y | D33: =INDEX('League Per Game'!$AQ$5:$AQ$16,MATCH("Shepparton United",'League Per Game'!$A$5:$A$16,0)) -> 10.6 | E33: =INDEX('League Per Game'!$AQ$5:$AQ$16,MATCH("Echuca",'League Per Game'!$A$5:$A$16,0)) -> 11.6 | F33: =AVERAGE('League Per Game'!$AQ$5:$AQ$16) -> 12.783333 | G33: =E33-D33 -> 1 | H33: =IF(D33=0,"",G33/D33) -> 0.094339623 | I33: =IF(C33="N",RANK(D33,'League Per Game'!$AQ$5:$AQ$16,1),RANK(D33,'League Per Game'!$AQ$5:$AQ$16,0)) -> 11 | J33: =IF(C33="N",RANK(E33,'League Per Game'!$AQ$5:$AQ$16,1),RANK(E33,'League Per Game'!$AQ$5:$AQ$16,0)) -> 8 | K33: =IF(OR(C33="?",STDEVP('League Per Game'!$AQ$5:$AQ$16)=0),"",IF(C33="N",-1,1)*G33/STDEVP('League Per Game'!$AQ$5:$AQ$16)) -> 0.44955488 | L33: =IF(K33="","Context only (no clear better direction)",IF(K33>=$F$3,"PRIORITY: Echuca well ahead",IF(K33>0,"Echuca ahead",IF(K33<=-$F$3,"United strength","United ahead or level")))) -> Echuca ahead
A34: K | B34: Kicks | C34: Y | D34: =INDEX('League Per Game'!$E$5:$E$16,MATCH("Shepparton United",'League Per Game'!$A$5:$A$16,0)) -> 224.3 | E34: =INDEX('League Per Game'!$E$5:$E$16,MATCH("Echuca",'League Per Game'!$A$5:$A$16,0)) -> 229.9 | F34: =AVERAGE('League Per Game'!$E$5:$E$16) -> 209.65 | G34: =E34-D34 -> 5.6 | H34: =IF(D34=0,"",G34/D34) -> 0.024966563 | I34: =IF(C34="N",RANK(D34,'League Per Game'!$E$5:$E$16,1),RANK(D34,'League Per Game'!$E$5:$E$16,0)) -> 3 | J34: =IF(C34="N",RANK(E34,'League Per Game'!$E$5:$E$16,1),RANK(E34,'League Per Game'!$E$5:$E$16,0)) -> 2 | K34: =IF(OR(C34="?",STDEVP('League Per Game'!$E$5:$E$16)=0),"",IF(C34="N",-1,1)*G34/STDEVP('League Per Game'!$E$5:$E$16)) -> 0.42972901 | L34: =IF(K34="","Context only (no clear better direction)",IF(K34>=$F$3,"PRIORITY: Echuca well ahead",IF(K34>0,"Echuca ahead",IF(K34<=-$F$3,"United strength","United ahead or level")))) -> Echuca ahead
A35: MI50 | B35: Marks inside 50 | C35: Y | D35: =INDEX('League Per Game'!$Y$5:$Y$16,MATCH("Shepparton United",'League Per Game'!$A$5:$A$16,0)) -> 15.1 | E35: =INDEX('League Per Game'!$Y$5:$Y$16,MATCH("Echuca",'League Per Game'!$A$5:$A$16,0)) -> 15.9 | F35: =AVERAGE('League Per Game'!$Y$5:$Y$16) -> 11.85 | G35: =E35-D35 -> 0.8 | H35: =IF(D35=0,"",G35/D35) -> 0.052980132 | I35: =IF(C35="N",RANK(D35,'League Per Game'!$Y$5:$Y$16,1),RANK(D35,'League Per Game'!$Y$5:$Y$16,0)) -> 2 | J35: =IF(C35="N",RANK(E35,'League Per Game'!$Y$5:$Y$16,1),RANK(E35,'League Per Game'!$Y$5:$Y$16,0)) -> 1 | K35: =IF(OR(C35="?",STDEVP('League Per Game'!$Y$5:$Y$16)=0),"",IF(C35="N",-1,1)*G35/STDEVP('League Per Game'!$Y$5:$Y$16)) -> 0.31786685 | L35: =IF(K35="","Context only (no clear better direction)",IF(K35>=$F$3,"PRIORITY: Echuca well ahead",IF(K35>0,"Echuca ahead",IF(K35<=-$F$3,"United strength","United ahead or level")))) -> Echuca ahead
A36: BTO | B36: Back-half turnovers | C36: N | D36: =INDEX('League Per Game'!$AH$5:$AH$16,MATCH("Shepparton United",'League Per Game'!$A$5:$A$16,0)) -> 5 | E36: =INDEX('League Per Game'!$AH$5:$AH$16,MATCH("Echuca",'League Per Game'!$A$5:$A$16,0)) -> 4.7 | F36: =AVERAGE('League Per Game'!$AH$5:$AH$16) -> 5.575 | G36: =E36-D36 -> -0.3 | H36: =IF(D36=0,"",G36/D36) -> -0.06 | I36: =IF(C36="N",RANK(D36,'League Per Game'!$AH$5:$AH$16,1),RANK(D36,'League Per Game'!$AH$5:$AH$16,0)) -> 5 | J36: =IF(C36="N",RANK(E36,'League Per Game'!$AH$5:$AH$16,1),RANK(E36,'League Per Game'!$AH$5:$AH$16,0)) -> 4 | K36: =IF(OR(C36="?",STDEVP('League Per Game'!$AH$5:$AH$16)=0),"",IF(C36="N",-1,1)*G36/STDEVP('League Per Game'!$AH$5:$AH$16)) -> 0.25504989 | L36: =IF(K36="","Context only (no clear better direction)",IF(K36>=$F$3,"PRIORITY: Echuca well ahead",IF(K36>0,"Echuca ahead",IF(K36<=-$F$3,"United strength","United ahead or level")))) -> Echuca ahead
A37: DE% | B37: Disposal efficiency % | C37: Y | D37: =INDEX('League Per Game'!$AT$5:$AT$16,MATCH("Shepparton United",'League Per Game'!$A$5:$A$16,0)) -> 69 | E37: =INDEX('League Per Game'!$AT$5:$AT$16,MATCH("Echuca",'League Per Game'!$A$5:$A$16,0)) -> 69 | F37: =AVERAGE('League Per Game'!$AT$5:$AT$16) -> 67 | G37: =E37-D37 -> 0 | H37: =IF(D37=0,"",G37/D37) -> 0 | I37: =IF(C37="N",RANK(D37,'League Per Game'!$AT$5:$AT$16,1),RANK(D37,'League Per Game'!$AT$5:$AT$16,0)) -> 1 | J37: =IF(C37="N",RANK(E37,'League Per Game'!$AT$5:$AT$16,1),RANK(E37,'League Per Game'!$AT$5:$AT$16,0)) -> 1 | K37: =IF(OR(C37="?",STDEVP('League Per Game'!$AT$5:$AT$16)=0),"",IF(C37="N",-1,1)*G37/STDEVP('League Per Game'!$AT$5:$AT$16)) -> 0 | L37: =IF(K37="","Context only (no clear better direction)",IF(K37>=$F$3,"PRIORITY: Echuca well ahead",IF(K37>0,"Echuca ahead",IF(K37<=-$F$3,"United strength","United ahead or level")))) -> United ahead or level
A38: BUC | B38: Ball-up clearances | C38: Y | D38: =INDEX('League Per Game'!$AA$5:$AA$16,MATCH("Shepparton United",'League Per Game'!$A$5:$A$16,0)) -> 20.1 | E38: =INDEX('League Per Game'!$AA$5:$AA$16,MATCH("Echuca",'League Per Game'!$A$5:$A$16,0)) -> 20.1 | F38: =AVERAGE('League Per Game'!$AA$5:$AA$16) -> 19.466667 | G38: =E38-D38 -> 0 | H38: =IF(D38=0,"",G38/D38) -> 0 | I38: =IF(C38="N",RANK(D38,'League Per Game'!$AA$5:$AA$16,1),RANK(D38,'League Per Game'!$AA$5:$AA$16,0)) -> 5 | J38: =IF(C38="N",RANK(E38,'League Per Game'!$AA$5:$AA$16,1),RANK(E38,'League Per Game'!$AA$5:$AA$16,0)) -> 5 | K38: =IF(OR(C38="?",STDEVP('League Per Game'!$AA$5:$AA$16)=0),"",IF(C38="N",-1,1)*G38/STDEVP('League Per Game'!$AA$5:$AA$16)) -> 0 | L38: =IF(K38="","Context only (no clear better direction)",IF(K38>=$F$3,"PRIORITY: Echuca well ahead",IF(K38>0,"Echuca ahead",IF(K38<=-$F$3,"United strength","United ahead or level")))) -> United ahead or level
A39: FF | B39: Frees for | C39: Y | D39: =INDEX('League Per Game'!$AD$5:$AD$16,MATCH("Shepparton United",'League Per Game'!$A$5:$A$16,0)) -> 18.2 | E39: =INDEX('League Per Game'!$AD$5:$AD$16,MATCH("Echuca",'League Per Game'!$A$5:$A$16,0)) -> 17.1 | F39: =AVERAGE('League Per Game'!$AD$5:$AD$16) -> 18.966667 | G39: =E39-D39 -> -1.1 | H39: =IF(D39=0,"",G39/D39) -> -0.06043956 | I39: =IF(C39="N",RANK(D39,'League Per Game'!$AD$5:$AD$16,1),RANK(D39,'League Per Game'!$AD$5:$AD$16,0)) -> 8 | J39: =IF(C39="N",RANK(E39,'League Per Game'!$AD$5:$AD$16,1),RANK(E39,'League Per Game'!$AD$5:$AD$16,0)) -> 10 | K39: =IF(OR(C39="?",STDEVP('League Per Game'!$AD$5:$AD$16)=0),"",IF(C39="N",-1,1)*G39/STDEVP('League Per Game'!$AD$5:$AD$16)) -> -0.48367551 | L39: =IF(K39="","Context only (no clear better direction)",IF(K39>=$F$3,"PRIORITY: Echuca well ahead",IF(K39>0,"Echuca ahead",IF(K39<=-$F$3,"United strength","United ahead or level")))) -> United ahead or level
A40: R50% | B40: Rebound-50 efficiency % | C40: Y | D40: =INDEX('League Per Game'!$AY$5:$AY$16,MATCH("Shepparton United",'League Per Game'!$A$5:$A$16,0)) -> 64 | E40: =INDEX('League Per Game'!$AY$5:$AY$16,MATCH("Echuca",'League Per Game'!$A$5:$A$16,0)) -> 63 | F40: =AVERAGE('League Per Game'!$AY$5:$AY$16) -> 61.25 | G40: =E40-D40 -> -1 | H40: =IF(D40=0,"",G40/D40) -> -0.015625 | I40: =IF(C40="N",RANK(D40,'League Per Game'!$AY$5:$AY$16,1),RANK(D40,'League Per Game'!$AY$5:$AY$16,0)) -> 1 | J40: =IF(C40="N",RANK(E40,'League Per Game'!$AY$5:$AY$16,1),RANK(E40,'League Per Game'!$AY$5:$AY$16,0)) -> 3 | K40: =IF(OR(C40="?",STDEVP('League Per Game'!$AY$5:$AY$16)=0),"",IF(C40="N",-1,1)*G40/STDEVP('League Per Game'!$AY$5:$AY$16)) -> -0.53293871 | L40: =IF(K40="","Context only (no clear better direction)",IF(K40>=$F$3,"PRIORITY: Echuca well ahead",IF(K40>0,"Echuca ahead",IF(K40<=-$F$3,"United strength","United ahead or level")))) -> United ahead or level
A41: IM | B41: Intercept marks | C41: Y | D41: =INDEX('League Per Game'!$X$5:$X$16,MATCH("Shepparton United",'League Per Game'!$A$5:$A$16,0)) -> 16.8 | E41: =INDEX('League Per Game'!$X$5:$X$16,MATCH("Echuca",'League Per Game'!$A$5:$A$16,0)) -> 16 | F41: =AVERAGE('League Per Game'!$X$5:$X$16) -> 15.375 | G41: =E41-D41 -> -0.8 | H41: =IF(D41=0,"",G41/D41) -> -0.047619048 | I41: =IF(C41="N",RANK(D41,'League Per Game'!$X$5:$X$16,1),RANK(D41,'League Per Game'!$X$5:$X$16,0)) -> 3 | J41: =IF(C41="N",RANK(E41,'League Per Game'!$X$5:$X$16,1),RANK(E41,'League Per Game'!$X$5:$X$16,0)) -> 5 | K41: =IF(OR(C41="?",STDEVP('League Per Game'!$X$5:$X$16)=0),"",IF(C41="N",-1,1)*G41/STDEVP('League Per Game'!$X$5:$X$16)) -> -0.58866909 | L41: =IF(K41="","Context only (no clear better direction)",IF(K41>=$F$3,"PRIORITY: Echuca well ahead",IF(K41>0,"Echuca ahead",IF(K41<=-$F$3,"United strength","United ahead or level")))) -> United ahead or level
A42: FTO | B42: Forward-half turnovers | C42: N | D42: =INDEX('League Per Game'!$AJ$5:$AJ$16,MATCH("Shepparton United",'League Per Game'!$A$5:$A$16,0)) -> 24.6 | E42: =INDEX('League Per Game'!$AJ$5:$AJ$16,MATCH("Echuca",'League Per Game'!$A$5:$A$16,0)) -> 27.4 | F42: =AVERAGE('League Per Game'!$AJ$5:$AJ$16) -> 24.65 | G42: =E42-D42 -> 2.8 | H42: =IF(D42=0,"",G42/D42) -> 0.11382114 | I42: =IF(C42="N",RANK(D42,'League Per Game'!$AJ$5:$AJ$16,1),RANK(D42,'League Per Game'!$AJ$5:$AJ$16,0)) -> 7 | J42: =IF(C42="N",RANK(E42,'League Per Game'!$AJ$5:$AJ$16,1),RANK(E42,'League Per Game'!$AJ$5:$AJ$16,0)) -> 9 | K42: =IF(OR(C42="?",STDEVP('League Per Game'!$AJ$5:$AJ$16)=0),"",IF(C42="N",-1,1)*G42/STDEVP('League Per Game'!$AJ$5:$AJ$16)) -> -0.78193684 | L42: =IF(K42="","Context only (no clear better direction)",IF(K42>=$F$3,"PRIORITY: Echuca well ahead",IF(K42>0,"Echuca ahead",IF(K42<=-$F$3,"United strength","United ahead or level")))) -> United strength
A43: HOA | B43: Hit outs to advantage | C43: Y | D43: =INDEX('League Per Game'!$Q$5:$Q$16,MATCH("Shepparton United",'League Per Game'!$A$5:$A$16,0)) -> 11.8 | E43: =INDEX('League Per Game'!$Q$5:$Q$16,MATCH("Echuca",'League Per Game'!$A$5:$A$16,0)) -> 9.2 | F43: =AVERAGE('League Per Game'!$Q$5:$Q$16) -> 11.166667 | G43: =E43-D43 -> -2.6 | H43: =IF(D43=0,"",G43/D43) -> -0.22033898 | I43: =IF(C43="N",RANK(D43,'League Per Game'!$Q$5:$Q$16,1),RANK(D43,'League Per Game'!$Q$5:$Q$16,0)) -> 4 | J43: =IF(C43="N",RANK(E43,'League Per Game'!$Q$5:$Q$16,1),RANK(E43,'League Per Game'!$Q$5:$Q$16,0)) -> 9 | K43: =IF(OR(C43="?",STDEVP('League Per Game'!$Q$5:$Q$16)=0),"",IF(C43="N",-1,1)*G43/STDEVP('League Per Game'!$Q$5:$Q$16)) -> -0.99409448 | L43: =IF(K43="","Context only (no clear better direction)",IF(K43>=$F$3,"PRIORITY: Echuca well ahead",IF(K43>0,"Echuca ahead",IF(K43<=-$F$3,"United strength","United ahead or level")))) -> United strength
A44: K% | B44: Kick efficiency % | C44: Y | D44: =INDEX('League Per Game'!$AU$5:$AU$16,MATCH("Shepparton United",'League Per Game'!$A$5:$A$16,0)) -> 64 | E44: =INDEX('League Per Game'!$AU$5:$AU$16,MATCH("Echuca",'League Per Game'!$A$5:$A$16,0)) -> 62 | F44: =AVERAGE('League Per Game'!$AU$5:$AU$16) -> 60.25 | G44: =E44-D44 -> -2 | H44: =IF(D44=0,"",G44/D44) -> -0.03125 | I44: =IF(C44="N",RANK(D44,'League Per Game'!$AU$5:$AU$16,1),RANK(D44,'League Per Game'!$AU$5:$AU$16,0)) -> 1 | J44: =IF(C44="N",RANK(E44,'League Per Game'!$AU$5:$AU$16,1),RANK(E44,'League Per Game'!$AU$5:$AU$16,0)) -> 2 | K44: =IF(OR(C44="?",STDEVP('League Per Game'!$AU$5:$AU$16)=0),"",IF(C44="N",-1,1)*G44/STDEVP('League Per Game'!$AU$5:$AU$16)) -> -1.0415113 | L44: =IF(K44="","Context only (no clear better direction)",IF(K44>=$F$3,"PRIORITY: Echuca well ahead",IF(K44>0,"Echuca ahead",IF(K44<=-$F$3,"United strength","United ahead or level")))) -> United strength
A45: M | B45: Marks | C45: Y | D45: =INDEX('League Per Game'!$H$5:$H$16,MATCH("Shepparton United",'League Per Game'!$A$5:$A$16,0)) -> 110.4 | E45: =INDEX('League Per Game'!$H$5:$H$16,MATCH("Echuca",'League Per Game'!$A$5:$A$16,0)) -> 99.3 | F45: =AVERAGE('League Per Game'!$H$5:$H$16) -> 91.816667 | G45: =E45-D45 -> -11.1 | H45: =IF(D45=0,"",G45/D45) -> -0.10054348 | I45: =IF(C45="N",RANK(D45,'League Per Game'!$H$5:$H$16,1),RANK(D45,'League Per Game'!$H$5:$H$16,0)) -> 1 | J45: =IF(C45="N",RANK(E45,'League Per Game'!$H$5:$H$16,1),RANK(E45,'League Per Game'!$H$5:$H$16,0)) -> 4 | K45: =IF(OR(C45="?",STDEVP('League Per Game'!$H$5:$H$16)=0),"",IF(C45="N",-1,1)*G45/STDEVP('League Per Game'!$H$5:$H$16)) -> -1.1243153 | L45: =IF(K45="","Context only (no clear better direction)",IF(K45>=$F$3,"PRIORITY: Echuca well ahead",IF(K45>0,"Echuca ahead",IF(K45<=-$F$3,"United strength","United ahead or level")))) -> United strength
A46: Ch | B46: Chases | C46: Y | D46: =INDEX('League Per Game'!$AL$5:$AL$16,MATCH("Shepparton United",'League Per Game'!$A$5:$A$16,0)) -> 12.7 | E46: =INDEX('League Per Game'!$AL$5:$AL$16,MATCH("Echuca",'League Per Game'!$A$5:$A$16,0)) -> 10.8 | F46: =AVERAGE('League Per Game'!$AL$5:$AL$16) -> 12.333333 | G46: =E46-D46 -> -1.9 | H46: =IF(D46=0,"",G46/D46) -> -0.1496063 | I46: =IF(C46="N",RANK(D46,'League Per Game'!$AL$5:$AL$16,1),RANK(D46,'League Per Game'!$AL$5:$AL$16,0)) -> 5 | J46: =IF(C46="N",RANK(E46,'League Per Game'!$AL$5:$AL$16,1),RANK(E46,'League Per Game'!$AL$5:$AL$16,0)) -> 11 | K46: =IF(OR(C46="?",STDEVP('League Per Game'!$AL$5:$AL$16)=0),"",IF(C46="N",-1,1)*G46/STDEVP('League Per Game'!$AL$5:$AL$16)) -> -1.2827626 | L46: =IF(K46="","Context only (no clear better direction)",IF(K46>=$F$3,"PRIORITY: Echuca well ahead",IF(K46>0,"Echuca ahead",IF(K46<=-$F$3,"United strength","United ahead or level")))) -> United strength
A47: UM | B47: Uncontested marks | C47: Y | D47: =INDEX('League Per Game'!$W$5:$W$16,MATCH("Shepparton United",'League Per Game'!$A$5:$A$16,0)) -> 96.1 | E47: =INDEX('League Per Game'!$W$5:$W$16,MATCH("Echuca",'League Per Game'!$A$5:$A$16,0)) -> 84 | F47: =AVERAGE('League Per Game'!$W$5:$W$16) -> 78.508333 | G47: =E47-D47 -> -12.1 | H47: =IF(D47=0,"",G47/D47) -> -0.12591051 | I47: =IF(C47="N",RANK(D47,'League Per Game'!$W$5:$W$16,1),RANK(D47,'League Per Game'!$W$5:$W$16,0)) -> 1 | J47: =IF(C47="N",RANK(E47,'League Per Game'!$W$5:$W$16,1),RANK(E47,'League Per Game'!$W$5:$W$16,0)) -> 4 | K47: =IF(OR(C47="?",STDEVP('League Per Game'!$W$5:$W$16)=0),"",IF(C47="N",-1,1)*G47/STDEVP('League Per Game'!$W$5:$W$16)) -> -1.3365005 | L47: =IF(K47="","Context only (no clear better direction)",IF(K47>=$F$3,"PRIORITY: Echuca well ahead",IF(K47>0,"Echuca ahead",IF(K47<=-$F$3,"United strength","United ahead or level")))) -> United strength
A48: MTO | B48: Midfield turnovers | C48: N | D48: =INDEX('League Per Game'!$AI$5:$AI$16,MATCH("Shepparton United",'League Per Game'!$A$5:$A$16,0)) -> 39 | E48: =INDEX('League Per Game'!$AI$5:$AI$16,MATCH("Echuca",'League Per Game'!$A$5:$A$16,0)) -> 43.2 | F48: =AVERAGE('League Per Game'!$AI$5:$AI$16) -> 43.691667 | G48: =E48-D48 -> 4.2 | H48: =IF(D48=0,"",G48/D48) -> 0.10769231 | I48: =IF(C48="N",RANK(D48,'League Per Game'!$AI$5:$AI$16,1),RANK(D48,'League Per Game'!$AI$5:$AI$16,0)) -> 1 | J48: =IF(C48="N",RANK(E48,'League Per Game'!$AI$5:$AI$16,1),RANK(E48,'League Per Game'!$AI$5:$AI$16,0)) -> 6 | K48: =IF(OR(C48="?",STDEVP('League Per Game'!$AI$5:$AI$16)=0),"",IF(C48="N",-1,1)*G48/STDEVP('League Per Game'!$AI$5:$AI$16)) -> -1.7567589 | L48: =IF(K48="","Context only (no clear better direction)",IF(K48>=$F$3,"PRIORITY: Echuca well ahead",IF(K48>0,"Echuca ahead",IF(K48<=-$F$3,"United strength","United ahead or level")))) -> United strength
A49: R50 | B49: Rebound 50s | C49: ? | D49: =INDEX('League Per Game'!$AC$5:$AC$16,MATCH("Shepparton United",'League Per Game'!$A$5:$A$16,0)) -> 30.8 | E49: =INDEX('League Per Game'!$AC$5:$AC$16,MATCH("Echuca",'League Per Game'!$A$5:$A$16,0)) -> 33.2 | F49: =AVERAGE('League Per Game'!$AC$5:$AC$16) -> 35.741667 | G49: =E49-D49 -> 2.4 | H49: =IF(D49=0,"",G49/D49) -> 0.077922078 | I49: =IF(C49="N",RANK(D49,'League Per Game'!$AC$5:$AC$16,1),RANK(D49,'League Per Game'!$AC$5:$AC$16,0)) -> 12 | J49: =IF(C49="N",RANK(E49,'League Per Game'!$AC$5:$AC$16,1),RANK(E49,'League Per Game'!$AC$5:$AC$16,0)) -> 9 | K49: =IF(OR(C49="?",STDEVP('League Per Game'!$AC$5:$AC$16)=0),"",IF(C49="N",-1,1)*G49/STDEVP('League Per Game'!$AC$5:$AC$16)) | L49: =IF(K49="","Context only (no clear better direction)",IF(K49>=$F$3,"PRIORITY: Echuca well ahead",IF(K49>0,"Echuca ahead",IF(K49<=-$F$3,"United strength","United ahead or level")))) -> Context only (no clear better direction)
A50: KI | B50: Kick-ins | C50: ? | D50: =INDEX('League Per Game'!$AE$5:$AE$16,MATCH("Shepparton United",'League Per Game'!$A$5:$A$16,0)) -> 9.2 | E50: =INDEX('League Per Game'!$AE$5:$AE$16,MATCH("Echuca",'League Per Game'!$A$5:$A$16,0)) -> 9 | F50: =AVERAGE('League Per Game'!$AE$5:$AE$16) -> 10.858333 | G50: =E50-D50 -> -0.2 | H50: =IF(D50=0,"",G50/D50) -> -0.02173913 | I50: =IF(C50="N",RANK(D50,'League Per Game'!$AE$5:$AE$16,1),RANK(D50,'League Per Game'!$AE$5:$AE$16,0)) -> 10 | J50: =IF(C50="N",RANK(E50,'League Per Game'!$AE$5:$AE$16,1),RANK(E50,'League Per Game'!$AE$5:$AE$16,0)) -> 11 | K50: =IF(OR(C50="?",STDEVP('League Per Game'!$AE$5:$AE$16)=0),"",IF(C50="N",-1,1)*G50/STDEVP('League Per Game'!$AE$5:$AE$16)) | L50: =IF(K50="","Context only (no clear better direction)",IF(K50>=$F$3,"PRIORITY: Echuca well ahead",IF(K50>0,"Echuca ahead",IF(K50<=-$F$3,"United strength","United ahead or level")))) -> Context only (no clear better direction)
A51: HR | B51: Handball receives | C51: ? | D51: =INDEX('League Per Game'!$U$5:$U$16,MATCH("Shepparton United",'League Per Game'!$A$5:$A$16,0)) -> 7.4 | E51: =INDEX('League Per Game'!$U$5:$U$16,MATCH("Echuca",'League Per Game'!$A$5:$A$16,0)) -> 8.3 | F51: =AVERAGE('League Per Game'!$U$5:$U$16) -> 8.6666667 | G51: =E51-D51 -> 0.9 | H51: =IF(D51=0,"",G51/D51) -> 0.12162162 | I51: =IF(C51="N",RANK(D51,'League Per Game'!$U$5:$U$16,1),RANK(D51,'League Per Game'!$U$5:$U$16,0)) -> 10 | J51: =IF(C51="N",RANK(E51,'League Per Game'!$U$5:$U$16,1),RANK(E51,'League Per Game'!$U$5:$U$16,0)) -> 7 | K51: =IF(OR(C51="?",STDEVP('League Per Game'!$U$5:$U$16)=0),"",IF(C51="N",-1,1)*G51/STDEVP('League Per Game'!$U$5:$U$16)) | L51: =IF(K51="","Context only (no clear better direction)",IF(K51>=$F$3,"PRIORITY: Echuca well ahead",IF(K51>0,"Echuca ahead",IF(K51<=-$F$3,"United strength","United ahead or level")))) -> Context only (no clear better direction)
A52: HO | B52: Hit outs | C52: ? | D52: =INDEX('League Per Game'!$P$5:$P$16,MATCH("Shepparton United",'League Per Game'!$A$5:$A$16,0)) -> 56.2 | E52: =INDEX('League Per Game'!$P$5:$P$16,MATCH("Echuca",'League Per Game'!$A$5:$A$16,0)) -> 42.3 | F52: =AVERAGE('League Per Game'!$P$5:$P$16) -> 48.583333 | G52: =E52-D52 -> -13.9 | H52: =IF(D52=0,"",G52/D52) -> -0.24733096 | I52: =IF(C52="N",RANK(D52,'League Per Game'!$P$5:$P$16,1),RANK(D52,'League Per Game'!$P$5:$P$16,0)) -> 3 | J52: =IF(C52="N",RANK(E52,'League Per Game'!$P$5:$P$16,1),RANK(E52,'League Per Game'!$P$5:$P$16,0)) -> 9 | K52: =IF(OR(C52="?",STDEVP('League Per Game'!$P$5:$P$16)=0),"",IF(C52="N",-1,1)*G52/STDEVP('League Per Game'!$P$5:$P$16)) | L52: =IF(K52="","Context only (no clear better direction)",IF(K52>=$F$3,"PRIORITY: Echuca well ahead",IF(K52>0,"Echuca ahead",IF(K52<=-$F$3,"United strength","United ahead or level")))) -> Context only (no clear better direction)
A53: GST | B53: GST (code not labelled by Premier Data) | C53: ? | D53: =INDEX('League Per Game'!$AG$5:$AG$16,MATCH("Shepparton United",'League Per Game'!$A$5:$A$16,0)) -> 7.1 | E53: =INDEX('League Per Game'!$AG$5:$AG$16,MATCH("Echuca",'League Per Game'!$A$5:$A$16,0)) -> 9.5 | F53: =AVERAGE('League Per Game'!$AG$5:$AG$16) -> 6.8 | G53: =E53-D53 -> 2.4 | H53: =IF(D53=0,"",G53/D53) -> 0.33802817 | I53: =IF(C53="N",RANK(D53,'League Per Game'!$AG$5:$AG$16,1),RANK(D53,'League Per Game'!$AG$5:$AG$16,0)) -> 6 | J53: =IF(C53="N",RANK(E53,'League Per Game'!$AG$5:$AG$16,1),RANK(E53,'League Per Game'!$AG$5:$AG$16,0)) -> 1 | K53: =IF(OR(C53="?",STDEVP('League Per Game'!$AG$5:$AG$16)=0),"",IF(C53="N",-1,1)*G53/STDEVP('League Per Game'!$AG$5:$AG$16)) | L53: =IF(K53="","Context only (no clear better direction)",IF(K53>=$F$3,"PRIORITY: Echuca well ahead",IF(K53>0,"Echuca ahead",IF(K53<=-$F$3,"United strength","United ahead or level")))) -> Context only (no clear better direction)
A54: B | B54: Behinds | C54: ? | D54: =INDEX('League Per Game'!$L$5:$L$16,MATCH("Shepparton United",'League Per Game'!$A$5:$A$16,0)) -> 9.1 | E54: =INDEX('League Per Game'!$L$5:$L$16,MATCH("Echuca",'League Per Game'!$A$5:$A$16,0)) -> 11.7 | F54: =AVERAGE('League Per Game'!$L$5:$L$16) -> 8.8166667 | G54: =E54-D54 -> 2.6 | H54: =IF(D54=0,"",G54/D54) -> 0.28571429 | I54: =IF(C54="N",RANK(D54,'League Per Game'!$L$5:$L$16,1),RANK(D54,'League Per Game'!$L$5:$L$16,0)) -> 7 | J54: =IF(C54="N",RANK(E54,'League Per Game'!$L$5:$L$16,1),RANK(E54,'League Per Game'!$L$5:$L$16,0)) -> 1 | K54: =IF(OR(C54="?",STDEVP('League Per Game'!$L$5:$L$16)=0),"",IF(C54="N",-1,1)*G54/STDEVP('League Per Game'!$L$5:$L$16)) | L54: =IF(K54="","Context only (no clear better direction)",IF(K54>=$F$3,"PRIORITY: Echuca well ahead",IF(K54>0,"Echuca ahead",IF(K54<=-$F$3,"United strength","United ahead or level")))) -> Context only (no clear better direction)
A57: Head to head: United vs Echuca in 2026
A58: Round | B58: Side | C58: Disposals | D58: Contested possessions | E58: Clearances | F58: Inside 50s | G58: Marks inside 50 | H58: Marks | I58: Tackles | J58: Pressure acts | K58: Overall pressure | L58: Turnovers | M58: Scoring shots | N58: Goals | O58: Ranking points (Premier Data impact score)
A59: ='United Games For'!B10 -> 6 | B59: United | C59: ='United Games For'!E10 -> 344 | D59: ='United Games For'!H10 -> 133 | E59: ='United Games For'!W10 -> 40 | F59: ='United Games For'!AA10 -> 42 | G59: ='United Games For'!S10 -> 14 | H59: ='United Games For'!O10 -> 126 | I59: ='United Games For'!AP10 -> 60 | J59: ='United Games For'!AK10 -> 18 | K59: ='United Games For'!AJ10 -> 88 | L59: ='United Games For'!AF10 -> 64 | M59: ='United Games For'!AY10 -> 20 | N59: ='United Games For'!AU10 -> 8 | O59: ='United Games For'!T10 -> 1585
A60: ='United Games For'!B10 -> 6 | B60: Echuca | C60: ='United Games Against'!E10 -> 346 | D60: ='United Games Against'!H10 -> 130 | E60: ='United Games Against'!W10 -> 49 | F60: ='United Games Against'!AA10 -> 42 | G60: ='United Games Against'!S10 -> 11 | H60: ='United Games Against'!O10 -> 102 | I60: ='United Games Against'!AP10 -> 77 | J60: ='United Games Against'!AK10 -> 25 | K60: ='United Games Against'!AJ10 -> 118 | L60: ='United Games Against'!AF10 -> 66 | M60: ='United Games Against'!AY10 -> 22 | N60: ='United Games Against'!AU10 -> 15 | O60: ='United Games Against'!T10 -> 1650
A61: ='United Games For'!B10 -> 6 | B61: Difference | C61: =C59-C60 -> -2 | D61: =D59-D60 -> 3 | E61: =E59-E60 -> -9 | F61: =F59-F60 -> 0 | G61: =G59-G60 -> 3 | H61: =H59-H60 -> 24 | I61: =I59-I60 -> -17 | J61: =J59-J60 -> -7 | ... O61: =O59-O60 -> -65
A62: ='United Games For'!B21 -> 17 | B62: United | C62: ='United Games For'!E21 -> 301 | D62: ='United Games For'!H21 -> 109 | E62: ='United Games For'!W21 -> 37 | F62: ='United Games For'!AA21 -> 38 | G62: ='United Games For'!S21 -> 10 | H62: ='United Games For'!O21 -> 80 | I62: ='United Games For'!AP21 -> 58 | J62: ='United Games For'!AK21 -> 41 | K62: ='United Games For'!AJ21 -> 114 | L62: ='United Games For'!AF21 -> 66 | M62: ='United Games For'!AY21 -> 21 | N62: ='United Games For'!AU21 -> 10 | O62: ='United Games For'!T21 -> 1417
A63: ='United Games For'!B21 -> 17 | B63: Echuca | C63: ='United Games Against'!E21 -> 413 | D63: ='United Games Against'!H21 -> 145 | E63: ='United Games Against'!W21 -> 59 | F63: ='United Games Against'!AA21 -> 62 | G63: ='United Games Against'!S21 -> 26 | H63: ='United Games Against'!O21 -> 92 | I63: ='United Games Against'!AP21 -> 64 | J63: ='United Games Against'!AK21 -> 46 | K63: ='United Games Against'!AJ21 -> 122 | L63: ='United Games Against'!AF21 -> 75 | M63: ='United Games Against'!AY21 -> 36 | N63: ='United Games Against'!AU21 -> 27 | O63: ='United Games Against'!T21 -> 1936
A64: ='United Games For'!B21 -> 17 | B64: Difference | C64: =C62-C63 -> -112 | D64: =D62-D63 -> -36 | E64: =E62-E63 -> -22 | F64: =F62-F63 -> -24 | G64: =G62-G63 -> -16 | H64: =H62-H63 -> -12 | I64: =I62-I63 -> -6 | J64: =J62-J63 -> -5 | ... O64: =O62-O63 -> -519
A65: United lost these games by 37 points (Round 6) and 100 points (Round 17). Positive difference = United had more.

Sheet League Per Game
A1: All 12 GVL clubs: per-game averages, 2026 season (including finals)
A2: Source: Premier Data Leaderboards > Teams > Averages. Percent columns are whole-number percentages (69 = 69%). Hover a header for its full name.
A4: Team | B4: Games | C4: RP | D4: D | E4: K | F4: HB | G4: CP | H4: M | I4: Cl | J4: I50 | K4: G | L4: B | M4: SI | N4: IP | O4: T | P4: HO | Q4: HOA | R4: TGB | S4: HBG | T4: LBG | U4: HR | V4: CM | W4: UM | X4: IM | Y4: MI50 | Z4: CC | AA4: BUC | AB4: TIC | AC4: R50 | AD4: FF | AE4: KI | AF4: 1% | AG4: GST | AH4: BTO | AI4: MTO | AJ4: FTO | AK4: PR | AL4: Ch | AM4: Sm | AN4: Sp | AO4: FTKL | AP4: MTKL | AQ4: BTKL | AR4: GA | AS4: GA% | AT4: DE% | AU4: K% | AV4: H% | AW4: I50% | AX4: C% | AY4: R50%
A5: Echuca | B5: 21 | C5: 1739.5 | D5: 372.4 | E5: 229.9 | F5: 142.5 | G5: 152.9 | H5: 99.3 | I5: 43.6 | J5: 55.6 | K5: 14.8 | L5: 11.7 | M5: 100.1 | N5: 74.2 | O5: 66 | P5: 42.3 | Q5: 9.2 | R5: 100.2 | S5: 34.1 | T5: 66 | U5: 8.3 | V5: 15.4 | W5: 84 | X5: 16 | Y5: 15.9 | Z5: 10.8 | AA5: 20.1 | AB5: 12.8 | AC5: 33.2 | AD5: 17.1 | AE5: 9 | AF5: 45.4 | AG5: 9.5 | AH5: 4.7 | AI5: 43.2 | AJ5: 27.4 | AK5: 129.4 | AL5: 10.8 | AM5: 6 | AN5: 19.4 | AO5: 11.5 | AP5: 42.9 | AQ5: 11.6 | AR5: 13.1 | AS5: 53 | AT5: 69 | AU5: 62 | AV5: 79 | AW5: 54 | AX5: 64 | AY5: 63
A6: Kyabram | B6: 21 | C6: 1732.4 | D6: 373.2 | E6: 231.1 | F6: 142.1 | G6: 149.5 | H6: 102.5 | I6: 47.2 | J6: 52.6 | K6: 13.2 | L6: 10.5 | M6: 93.2 | N6: 72.4 | O6: 61.7 | P6: 52.8 | Q6: 11.8 | R6: 93.9 | S6: 34.1 | T6: 59.8 | U6: 9 | V6: 16.2 | W6: 86.3 | X6: 17.1 | Y6: 13.1 | Z6: 12 | AA6: 21.7 | AB6: 13.4 | AC6: 34.9 | AD6: 15.8 | AE6: 9.4 | AF6: 42.9 | AG6: 8.4 | AH6: 4.2 | AI6: 42.7 | AJ6: 26.5 | AK6: 122.1 | AL6: 12.7 | AM6: 4.3 | AN6: 16.1 | AO6: 14.1 | AP6: 38.2 | AQ6: 9.4 | AR6: 11.3 | AS6: 51 | AT6: 68 | AU6: 61 | AV6: 79 | AW6: 51 | AX6: 61 | AY6: 63
A7: Shepparton Bears | B7: 22 | C7: 1713.4 | D7: 356.2 | E7: 221 | F7: 135.2 | G7: 143.5 | H7: 95.1 | I7: 45.5 | J7: 54.7 | K7: 13.6 | L7: 9.9 | M7: 90 | N7: 77.1 | O7: 66.9 | P7: 65.2 | Q7: 16.9 | R7: 90.6 | S7: 32.4 | T7: 58.2 | U7: 7.9 | V7: 14 | W7: 81 | X7: 16.5 | Y7: 13.7 | Z7: 11 | AA7: 21.3 | AB7: 13.2 | AC7: 32.7 | AD7: 18.7 | AE7: 8.4 | AF7: 48.9 | AG7: 8.8 | AH7: 4.6 | AI7: 43.1 | AJ7: 29 | AK7: 133.2 | AL7: 11.4 | AM7: 5.2 | AN7: 22 | AO7: 13.9 | AP7: 41.7 | AQ7: 11.3 | AR7: 11.8 | AS7: 52 | AT7: 66 | AU7: 60 | AV7: 76 | AW7: 48 | AX7: 61 | AY7: 60
A8: Shepparton United | B8: 18 | C8: 1617.7 | D8: 349.7 | E8: 224.3 | F8: 125.4 | G8: 128.9 | H8: 110.4 | I8: 41.8 | J8: 48.3 | K8: 11.6 | L8: 9.1 | M8: 84.4 | N8: 68.3 | O8: 55.2 | P8: 56.2 | Q8: 11.8 | R8: 77.9 | S8: 28.4 | T8: 49.6 | U8: 7.4 | V8: 14.3 | W8: 96.1 | X8: 16.8 | Y8: 15.1 | Z8: 10 | AA8: 20.1 | AB8: 11.7 | AC8: 30.8 | AD8: 18.2 | AE8: 9.2 | AF8: 36.3 | AG8: 7.1 | AH8: 5 | AI8: 39 | AJ8: 24.6 | AK8: 105.2 | AL8: 12.7 | AM8: 3.2 | AN8: 13.7 | AO8: 10.2 | AP8: 34.3 | AQ8: 10.6 | AR8: 9.7 | AS8: 50 | AT8: 69 | AU8: 64 | AV8: 77 | AW8: 51 | AX8: 61 | AY8: 64
A9: Seymour | B9: 18 | C9: 1567.3 | D9: 323.4 | E9: 208.4 | F9: 114.9 | G9: 138.2 | H9: 95.3 | I9: 43.3 | J9: 48.6 | K9: 11.8 | L9: 9.4 | M9: 85.4 | N9: 69.9 | O9: 60.2 | P9: 54 | Q9: 11 | R9: 83.9 | S9: 32.5 | T9: 51.4 | U9: 8.9 | V9: 15 | W9: 80.3 | X9: 15.8 | Y9: 13.8 | Z9: 10.8 | AA9: 19.9 | AB9: 12.6 | AC9: 33.3 | AD9: 19.6 | AE9: 9.4 | AF9: 43.2 | AG9: 7.4 | AH9: 6.1 | AI9: 41.9 | AJ9: 23.9 | AK9: 127.2 | AL9: 13.1 | AM9: 4.4 | AN9: 17.1 | AO9: 11.5 | AP9: 36.9 | AQ9: 11.8 | AR9: 9.9 | AS9: 48 | AT9: 67 | AU9: 61 | AV9: 78 | AW9: 50 | AX9: 59 | AY9: 60
A10: Rochester | B10: 18 | C10: 1565.3 | D10: 339.1 | E10: 204.2 | F10: 134.9 | G10: 143.7 | H10: 83.4 | I10: 44.2 | J10: 54 | K10: 11.4 | L10: 9.7 | M10: 77.2 | N10: 74 | O10: 65.8 | P10: 41.4 | Q10: 8.8 | R10: 96.3 | S10: 37.6 | T10: 58.8 | U10: 10.3 | V10: 13 | W10: 70.4 | X10: 15.6 | Y10: 11.6 | Z10: 10.9 | AA10: 21.2 | AB10: 12.1 | AC10: 34.7 | AD10: 17.2 | AE10: 11.3 | AF10: 44.2 | AG10: 6.7 | AH10: 5.1 | AI10: 45.4 | AJ10: 30.7 | AK10: 128.3 | AL10: 10.9 | AM10: 3.8 | AN10: 21.1 | AO10: 12.6 | AP10: 39.2 | AQ10: 14.1 | AR10: 9.6 | AS10: 49 | AT10: 66 | AU10: 59 | AV10: 77 | AW10: 49 | AX10: 65 | AY10: 62
A11: Mooroopna | B11: 20 | C11: 1552 | D11: 338.6 | E11: 199.1 | F11: 139.6 | G11: 135.2 | H11: 81.3 | I11: 44.5 | J11: 44.4 | K11: 10.6 | L11: 8.8 | M11: 71.3 | N11: 68 | O11: 65.2 | P11: 52.6 | Q11: 11.2 | R11: 81 | S11: 29.1 | T11: 51.9 | U11: 10.1 | V11: 12.4 | W11: 68.8 | X11: 14.1 | Y11: 10.3 | Z11: 8.5 | AA11: 22.3 | AB11: 13.7 | AC11: 38 | AD11: 19.7 | AE11: 11.3 | AF11: 41.6 | AG11: 6.2 | AH11: 5.2 | AI11: 43.7 | AJ11: 21.4 | AK11: 129.8 | AL11: 13.6 | AM11: 4.3 | AN11: 17.1 | AO11: 10.6 | AP11: 39.8 | AQ11: 14.8 | AR11: 8.3 | AS11: 50 | AT11: 67 | AU11: 59 | AV11: 79 | AW11: 51 | AX11: 64 | AY11: 59
A12: Mansfield | B12: 18 | C12: 1533.1 | D12: 323.2 | E12: 193.6 | F12: 129.6 | G12: 139.9 | H12: 74.1 | I12: 43.7 | J12: 51.2 | K12: 12.5 | L12: 10.4 | M12: 80.9 | N12: 72.5 | O12: 70.8 | P12: 43 | Q12: 10.8 | R12: 91.6 | S12: 27.7 | T12: 63.9 | U12: 8.3 | V12: 12.3 | W12: 61.7 | X12: 13.8 | Y12: 11.4 | Z12: 11.7 | AA12: 19.4 | AB12: 12.7 | AC12: 33.1 | AD12: 24.6 | AE12: 11.4 | AF12: 45.8 | AG12: 7.2 | AH12: 6.2 | AI12: 42.6 | AJ12: 27.5 | AK12: 135.1 | AL12: 9.5 | AM12: 5.9 | AN12: 17.8 | AO12: 13.4 | AP12: 42.2 | AQ12: 15.2 | AR12: 10.4 | AS12: 50 | AT12: 65 | AU12: 56 | AV12: 78 | AW12: 46 | AX12: 62 | AY12: 59
A13: Shepparton Swans | B13: 19 | C13: 1514.5 | D13: 324.7 | E13: 206.9 | F13: 117.8 | G13: 126.8 | H13: 88.5 | I13: 39.4 | J13: 46.3 | K13: 10.5 | L13: 9.1 | M13: 71.8 | N13: 70.4 | O13: 67.8 | P13: 34.9 | Q13: 6.4 | R13: 86.4 | S13: 29.8 | T13: 56.6 | U13: 9.4 | V13: 9.8 | W13: 78.6 | X13: 13.4 | Y13: 11.8 | Z13: 8.7 | AA13: 18.8 | AB13: 11.9 | AC13: 35.7 | AD13: 20.2 | AE13: 10.7 | AF13: 46 | AG13: 6.5 | AH13: 4.2 | AI13: 43.4 | AJ13: 23.4 | AK13: 135.4 | AL13: 14 | AM13: 3.8 | AN13: 16.4 | AO13: 11.7 | AP13: 43.1 | AQ13: 13.1 | AR13: 8.8 | AS13: 50 | AT13: 66 | AU13: 60 | AV13: 78 | AW13: 51 | AX13: 62 | AY13: 62
A14: Euroa | B14: 17 | C14: 1479.1 | D14: 330.8 | E14: 194.3 | F14: 136.5 | G14: 128.1 | H14: 86.4 | I14: 36.5 | J14: 37.4 | K14: 8.1 | L14: 6.4 | M14: 61.6 | N14: 65.3 | O14: 61.9 | P14: 33.4 | Q14: 9 | R14: 84.4 | S14: 30.6 | T14: 53.8 | U14: 10.1 | V14: 11.9 | W14: 74.5 | X14: 14.2 | Y14: 9.5 | Z14: 9.1 | AA14: 15.1 | AB14: 12.4 | AC14: 39.7 | AD14: 19.9 | AE14: 11.9 | AF14: 39.7 | AG14: 5.4 | AH14: 6.2 | AI14: 44.9 | AJ14: 20.5 | AK14: 122.1 | AL14: 12 | AM14: 3.9 | AN14: 15.7 | AO14: 9.6 | AP14: 34.8 | AQ14: 17.5 | AR14: 7.1 | AS14: 49 | AT14: 69 | AU14: 62 | AV14: 79 | AW14: 51 | AX14: 66 | AY14: 64
A15: Benalla | B15: 17 | C15: 1428.7 | D15: 318.1 | E15: 196.6 | F15: 121.5 | G15: 128.9 | H15: 85.9 | I15: 39.3 | J15: 39.9 | K15: 8.1 | L15: 6.5 | M15: 56.9 | N15: 66.3 | O15: 51.1 | P15: 56.6 | Q15: 13.6 | R15: 79.8 | S15: 28.3 | T15: 51.5 | U15: 7.4 | V15: 13.1 | W15: 72.8 | X15: 13.9 | Y15: 9.1 | Z15: 9.4 | AA15: 17.3 | AB15: 12.6 | AC15: 39.8 | AD15: 20.4 | AE15: 13.5 | AF15: 45.4 | AG15: 5.6 | AH15: 7.3 | AI15: 44.8 | AJ15: 23.1 | AK15: 111.6 | AL15: 12.2 | AM15: 3.7 | AN15: 20.2 | AO15: 7.3 | AP15: 33.1 | AQ15: 10.7 | AR15: 6.6 | AS15: 48 | AT15: 65 | AU15: 59 | AV15: 74 | AW15: 48 | AX15: 58 | AY15: 60
A16: Tatura | B16: 17 | C16: 1425.4 | D16: 323.2 | E16: 206.4 | F16: 116.9 | G16: 123.1 | H16: 99.6 | I16: 38.8 | J16: 31.1 | K16: 5.5 | L16: 4.3 | M16: 38.6 | N16: 63.4 | O16: 51.8 | P16: 50.6 | Q16: 13.5 | R16: 77 | S16: 25.2 | T16: 51.8 | U16: 6.9 | V16: 12 | W16: 87.6 | X16: 17.3 | Y16: 6.9 | Z16: 9.9 | AA16: 16.4 | AB16: 12.5 | AC16: 43 | AD16: 16.2 | AE16: 14.8 | AF16: 40.3 | AG16: 2.8 | AH16: 8.1 | AI16: 49.6 | AJ16: 17.8 | AK16: 111.2 | AL16: 15.1 | AM16: 3.2 | AN16: 15.7 | AO16: 6.4 | AP16: 32.1 | AQ16: 13.3 | AR16: 4.5 | AS16: 46 | AT16: 67 | AU16: 60 | AV16: 78 | AW16: 43 | AX16: 56 | AY16: 59

Sheet League Season Totals
A1: All 12 GVL clubs: season totals, 2026 (including finals)
A2: Source: Premier Data Leaderboards > Teams > Totals. Finals teams played more games, so compare per-game averages for fairness.
A4: Team | B4: Games | C4: RP | D4: D | E4: K | F4: HB | G4: CP | H4: M | I4: Cl | J4: I50 | K4: G | L4: B | M4: SI | N4: IP | O4: T | P4: HO | Q4: HOA | R4: TGB | S4: HBG | T4: LBG | U4: HR | V4: CM | W4: UM | X4: IM | Y4: MI50 | Z4: CC | AA4: BUC | AB4: TIC | AC4: R50 | AD4: FF | AE4: KI | AF4: 1% | AG4: GST | AH4: BTO | AI4: MTO | AJ4: FTO | AK4: PR | AL4: Ch | AM4: Sm | AN4: Sp | AO4: FTKL | AP4: MTKL | AQ4: BTKL | AR4: GA | AS4: GA% | AT4: DE% | AU4: K% | AV4: H% | AW4: I50% | AX4: C% | AY4: R50%
A5: Shepparton Bears | B5: 22 | C5: 37695 | D5: 7836 | E5: 4862 | F5: 2974 | G5: 3157 | H5: 2092 | I5: 1000 | J5: 1203 | K5: 300 | L5: 217 | M5: 1979 | N5: 1697 | O5: 1471 | P5: 1435 | Q5: 371 | R5: 1994 | S5: 713 | T5: 1281 | U5: 174 | V5: 309 | W5: 1783 | X5: 363 | Y5: 301 | Z5: 242 | AA5: 468 | AB5: 290 | AC5: 720 | AD5: 412 | AE5: 185 | AF5: 1075 | AG5: 194 | AH5: 101 | AI5: 949 | AJ5: 639 | AK5: 2931 | AL5: 251 | AM5: 114 | AN5: 484 | AO5: 305 | AP5: 917 | AQ5: 249 | AR5: 259 | AS5: 52 | AT5: 66 | AU5: 60 | AV5: 76 | AW5: 48 | AX5: 61 | AY5: 60
A6: Echuca | B6: 21 | C6: 36530 | D6: 7821 | E6: 4828 | F6: 2993 | G6: 3211 | H6: 2086 | I6: 916 | J6: 1167 | K6: 310 | L6: 245 | M6: 2102 | N6: 1559 | O6: 1387 | P6: 888 | Q6: 193 | R6: 2104 | S6: 717 | T6: 1387 | U6: 174 | V6: 323 | W6: 1763 | X6: 336 | Y6: 333 | Z6: 226 | AA6: 422 | AB6: 268 | AC6: 698 | AD6: 359 | AE6: 189 | AF6: 953 | AG6: 199 | AH6: 98 | AI6: 908 | AJ6: 576 | AK6: 2717 | AL6: 226 | AM6: 126 | AN6: 408 | AO6: 242 | AP6: 901 | AQ6: 244 | AR6: 275 | AS6: 53 | AT6: 69 | AU6: 62 | AV6: 79 | AW6: 54 | AX6: 64 | AY6: 63
A7: Kyabram | B7: 21 | C7: 36381 | D7: 7837 | E7: 4853 | F7: 2984 | G7: 3140 | H7: 2153 | I7: 991 | J7: 1105 | K7: 277 | L7: 220 | M7: 1957 | N7: 1520 | O7: 1296 | P7: 1109 | Q7: 247 | R7: 1972 | S7: 716 | T7: 1256 | U7: 189 | V7: 340 | W7: 1813 | X7: 359 | Y7: 275 | Z7: 253 | AA7: 456 | AB7: 282 | AC7: 733 | AD7: 332 | AE7: 197 | AF7: 900 | AG7: 177 | AH7: 88 | AI7: 897 | AJ7: 556 | AK7: 2565 | AL7: 267 | AM7: 91 | AN7: 338 | AO7: 296 | AP7: 802 | AQ7: 198 | AR7: 237 | AS7: 51 | AT7: 68 | AU7: 61 | AV7: 79 | AW7: 51 | AX7: 61 | AY7: 63
A8: Mooroopna | B8: 20 | C8: 31039 | D8: 6773 | E8: 3981 | F8: 2792 | G8: 2705 | H8: 1626 | I8: 890 | J8: 888 | K8: 212 | L8: 175 | M8: 1426 | N8: 1359 | O8: 1305 | P8: 1052 | Q8: 225 | R8: 1619 | S8: 581 | T8: 1038 | U8: 202 | V8: 249 | W8: 1377 | X8: 282 | Y8: 207 | Z8: 170 | AA8: 446 | AB8: 274 | AC8: 760 | AD8: 394 | AE8: 226 | AF8: 832 | AG8: 125 | AH8: 103 | AI8: 874 | AJ8: 427 | AK8: 2595 | AL8: 271 | AM8: 86 | AN8: 343 | AO8: 212 | AP8: 796 | AQ8: 297 | AR8: 166 | AS8: 50 | AT8: 67 | AU8: 59 | AV8: 79 | AW8: 51 | AX8: 64 | AY8: 59
A9: Shepparton United | B9: 18 | C9: 29119 | D9: 6295 | E9: 4038 | F9: 2257 | G9: 2321 | H9: 1988 | I9: 752 | J9: 870 | K9: 208 | L9: 163 | M9: 1520 | N9: 1230 | O9: 993 | P9: 1012 | Q9: 212 | R9: 1403 | S9: 511 | T9: 892 | U9: 133 | V9: 258 | W9: 1730 | X9: 303 | Y9: 272 | Z9: 180 | AA9: 361 | AB9: 211 | AC9: 554 | AD9: 328 | AE9: 165 | AF9: 654 | AG9: 127 | AH9: 90 | AI9: 702 | AJ9: 443 | AK9: 1893 | AL9: 228 | AM9: 58 | AN9: 247 | AO9: 184 | AP9: 618 | AQ9: 191 | AR9: 175 | AS9: 50 | AT9: 69 | AU9: 64 | AV9: 77 | AW9: 51 | AX9: 61 | AY9: 64
A10: Shepparton Swans | B10: 19 | C10: 28775 | D10: 6170 | E10: 3932 | F10: 2238 | G10: 2410 | H10: 1681 | I10: 748 | J10: 879 | K10: 200 | L10: 173 | M10: 1365 | N10: 1338 | O10: 1288 | P10: 663 | Q10: 122 | R10: 1642 | S10: 566 | T10: 1076 | U10: 178 | V10: 187 | W10: 1494 | X10: 255 | Y10: 225 | Z10: 165 | AA10: 357 | AB10: 226 | AC10: 678 | AD10: 384 | AE10: 204 | AF10: 874 | AG10: 124 | AH10: 79 | AI10: 825 | AJ10: 445 | AK10: 2572 | AL10: 266 | AM10: 73 | AN10: 312 | AO10: 222 | AP10: 818 | AQ10: 248 | AR10: 167 | AS10: 50 | AT10: 66 | AU10: 60 | AV10: 78 | AW10: 51 | AX10: 62 | AY10: 62
A11: Seymour | B11: 18 | C11: 28212 | D11: 5821 | E11: 3752 | F11: 2069 | G11: 2488 | H11: 1715 | I11: 780 | J11: 874 | K11: 213 | L11: 170 | M11: 1538 | N11: 1259 | O11: 1084 | P11: 972 | Q11: 198 | R11: 1511 | S11: 585 | T11: 926 | U11: 160 | V11: 270 | W11: 1445 | X11: 285 | Y11: 248 | Z11: 195 | AA11: 358 | AB11: 227 | AC11: 599 | AD11: 353 | AE11: 169 | AF11: 778 | AG11: 134 | AH11: 110 | AI11: 755 | AJ11: 430 | AK11: 2290 | AL11: 236 | AM11: 80 | AN11: 307 | AO11: 207 | AP11: 664 | AQ11: 213 | AR11: 179 | AS11: 48 | AT11: 67 | AU11: 61 | AV11: 78 | AW11: 50 | AX11: 59 | AY11: 60
A12: Rochester | B12: 18 | C12: 28175 | D12: 6104 | E12: 3675 | F12: 2429 | G12: 2586 | H12: 1501 | I12: 795 | J12: 972 | K12: 206 | L12: 174 | M12: 1390 | N12: 1332 | O12: 1185 | P12: 745 | Q12: 158 | R12: 1734 | S12: 676 | T12: 1058 | U12: 186 | V12: 234 | W12: 1267 | X12: 281 | Y12: 208 | Z12: 196 | AA12: 381 | AB12: 218 | AC12: 625 | AD12: 310 | AE12: 203 | AF12: 795 | AG12: 120 | AH12: 92 | AI12: 817 | AJ12: 553 | AK12: 2309 | AL12: 196 | AM12: 68 | AN12: 379 | AO12: 226 | AP12: 705 | AQ12: 254 | AR12: 172 | AS12: 49 | AT12: 66 | AU12: 59 | AV12: 77 | AW12: 49 | AX12: 65 | AY12: 62
A13: Mansfield | B13: 18 | C13: 27596 | D13: 5817 | E13: 3484 | F13: 2333 | G13: 2518 | H13: 1333 | I13: 787 | J13: 922 | K13: 225 | L13: 188 | M13: 1457 | N13: 1305 | O13: 1275 | P13: 774 | Q13: 194 | R13: 1649 | S13: 499 | T13: 1150 | U13: 150 | V13: 222 | W13: 1111 | X13: 248 | Y13: 206 | Z13: 210 | AA13: 349 | AB13: 228 | AC13: 596 | AD13: 443 | AE13: 205 | AF13: 824 | AG13: 130 | AH13: 111 | AI13: 767 | AJ13: 495 | AK13: 2432 | AL13: 171 | AM13: 106 | AN13: 320 | AO13: 241 | AP13: 760 | AQ13: 274 | AR13: 188 | AS13: 50 | AT13: 65 | AU13: 56 | AV13: 78 | AW13: 46 | AX13: 62 | AY13: 59
A14: Euroa | B14: 17 | C14: 25144 | D14: 5623 | E14: 3303 | F14: 2320 | G14: 2178 | H14: 1468 | I14: 621 | J14: 636 | K14: 138 | L14: 109 | M14: 1048 | N14: 1110 | O14: 1052 | P14: 567 | Q14: 153 | R14: 1435 | S14: 520 | T14: 915 | U14: 172 | V14: 202 | W14: 1266 | X14: 241 | Y14: 162 | Z14: 154 | AA14: 256 | AB14: 211 | AC14: 675 | AD14: 339 | AE14: 203 | AF14: 675 | AG14: 91 | AH14: 106 | AI14: 764 | AJ14: 349 | AK14: 2076 | AL14: 204 | AM14: 66 | AN14: 267 | AO14: 163 | AP14: 591 | AQ14: 298 | AR14: 120 | AS14: 49 | AT14: 69 | AU14: 62 | AV14: 79 | AW14: 51 | AX14: 66 | AY14: 64
A15: Benalla | B15: 17 | C15: 24288 | D15: 5407 | E15: 3342 | F15: 2065 | G15: 2191 | H15: 1461 | I15: 668 | J15: 678 | K15: 137 | L15: 111 | M15: 967 | N15: 1127 | O15: 869 | P15: 963 | Q15: 231 | R15: 1357 | S15: 481 | T15: 876 | U15: 125 | V15: 223 | W15: 1238 | X15: 236 | Y15: 155 | Z15: 159 | AA15: 294 | AB15: 215 | AC15: 677 | AD15: 347 | AE15: 229 | AF15: 772 | AG15: 95 | AH15: 124 | AI15: 762 | AJ15: 392 | AK15: 1898 | AL15: 208 | AM15: 63 | AN15: 344 | AO15: 124 | AP15: 563 | AQ15: 182 | AR15: 113 | AS15: 48 | AT15: 65 | AU15: 59 | AV15: 74 | AW15: 48 | AX15: 58 | AY15: 60
A16: Tatura | B16: 17 | C16: 24231 | D16: 5495 | E16: 3508 | F16: 1987 | G16: 2093 | H16: 1694 | I16: 660 | J16: 529 | K16: 93 | L16: 73 | M16: 656 | N16: 1078 | O16: 880 | P16: 860 | Q16: 229 | R16: 1309 | S16: 428 | T16: 881 | U16: 118 | V16: 204 | W16: 1490 | X16: 294 | Y16: 118 | Z16: 168 | AA16: 279 | AB16: 213 | AC16: 731 | AD16: 276 | AE16: 252 | AF16: 685 | AG16: 48 | AH16: 137 | AI16: 844 | AJ16: 302 | AK16: 1890 | AL16: 256 | AM16: 54 | AN16: 267 | AO16: 109 | AP16: 545 | AQ16: 226 | AR16: 77 | AS16: 46 | AT16: 67 | AU16: 60 | AV16: 78 | AW16: 43 | AX16: 56 | AY16: 59

Sheet United Games For
A1: Shepparton United 2026: Shepparton United's own stats in each game
A2: Source: Premier Data Team Summary > Match Statistics. Hover a header for its full name.
A4: Opponent | B4: Round | C4: Stage | D4: Result | E4: D | F4: K | G4: HB | H4: CP | I4: TGB | J4: HBG | K4: LBG | L4: IP | M4: GTH | N4: HR | O4: M | P4: CM | Q4: UM | R4: IM | S4: MI50 | T4: RP | U4: HO | V4: HOA | W4: Cl | X4: CC | Y4: BUC | Z4: TIC | AA4: I50 | AB4: R50 | AC4: FF | AD4: KI | AE4: 1% | AF4: TO | AG4: BTO | AH4: MTO | AI4: FTO | AJ4: PR | AK4: PRA | AL4: Ch | AM4: Sm | AN4: Sp | AO4: PRF | AP4: T | AQ4: TE | AR4: FTKL | AS4: MTKL | AT4: BTKL | AU4: G | AV4: B | AW4: RB | AX4: SE% | AY4: SS | AZ4: GA% | BA4: DE% | BB4: I50% | BC4: K% | BD4: H% | BE4: C% | BF4: R50% | BG4: KI% | BH4: KE | BI4: HE | BJ4: ED | BK4: EFFC | BL4: EFFR
A5: Shepparton Bears | B5: 1 | C5: Home & away | D5: L | E5: 298 | F5: 184 | G5: 114 | H5: 122 | I5: 63 | J5: 19 | K5: 44 | L5: 67 | M5: 67 | N5: 7 | O5: 77 | P5: 12 | Q5: 65 | R5: 15 | S5: 8 | T5: 1191 | U5: 57 | V5: 9 | W5: 45 | X5: 8 | Y5: 20 | Z5: 17 | AA5: 37 | AB5: 29 | AC5: 16 | AD5: 8 | AE5: 28 | AF5: 82 | AG5: 7 | AH5: 48 | AI5: 27 | AJ5: 79 | AK5: 17 | AL5: 14 | AM5: 2 | AN5: 10 | AO5: 4 | AP5: 46 | AQ5: 37 | AR5: 4 | AS5: 34 | AT5: 8 | AU5: 5 | AV5: 4 | AW5: 0 | AX5: 24 | AY5: 9 | AZ5: 55 | BA5: 60 | BB5: 35 | BC5: 52 | BD5: 74 | BE5: 56 | BF5: 62 | BG5: 75 | BH5: 95 | BI5: 85 | BJ5: 180 | BK5: 25 | BL5: 18
A6: Euroa | B6: 2 | C6: Home & away | D6: W | E6: 271 | F6: 182 | G6: 89 | H6: 113 | I6: 53 | J6: 15 | K6: 38 | L6: 50 | M6: 43 | N6: 5 | O6: 86 | P6: 19 | Q6: 67 | R6: 12 | S6: 15 | T6: 1284 | U6: 49 | V6: 10 | W6: 36 | X6: 10 | Y6: 20 | Z6: 6 | AA6: 42 | AB6: 20 | AC6: 16 | AD6: 7 | AE6: 19 | AF6: 56 | AG6: 3 | AH6: 34 | AI6: 19 | AJ6: 81 | AK6: 27 | AL6: 9 | AM6: 3 | AN6: 6 | AO6: 6 | AP6: 42 | AQ6: 36 | AR6: 11 | AS6: 24 | AT6: 7 | AU6: 11 | AV6: 8 | AW6: 3 | AX6: 52 | AY6: 22 | AZ6: 50 | BA6: 70 | BB6: 69 | BC6: 65 | BD6: 79 | BE6: 64 | BF6: 80 | BG6: 100 | BH6: 119 | BI6: 71 | BJ6: 190 | BK6: 23 | BL6: 16
A7: Shepparton Swans | B7: 3 | C7: Home & away | D7: W | E7: 344 | F7: 230 | G7: 114 | H7: 158 | I7: 91 | J7: 34 | K7: 57 | L7: 69 | M7: 58 | N7: 2 | O7: 108 | P7: 14 | Q7: 94 | R7: 21 | S7: 11 | T7: 1698 | U7: 77 | V7: 18 | W7: 53 | X7: 7 | Y7: 27 | Z7: 19 | AA7: 53 | AB7: 44 | AC7: 16 | AD7: 12 | AE7: 40 | AF7: 80 | AG7: 4 | AH7: 48 | AI7: 28 | AJ7: 131 | AK7: 63 | AL7: 15 | AM7: 0 | AN7: 15 | AO7: 12 | AP7: 53 | AQ7: 49 | AR7: 19 | AS7: 27 | AT7: 7 | AU7: 8 | AV7: 10 | AW7: 1 | AX7: 35 | AY7: 19 | AZ7: 42 | BA7: 67 | BB7: 53 | BC7: 66 | BD7: 68 | BE7: 57 | BF7: 75 | BG7: 92 | BH7: 152 | BI7: 78 | BJ7: 230 | BK7: 30 | BL7: 33
A8: Mooroopna | B8: 4 | C8: Home & away | D8: L | E8: 333 | F8: 200 | G8: 133 | H8: 132 | I8: 88 | J8: 27 | K8: 61 | L8: 79 | M8: 46 | N8: 8 | O8: 86 | P8: 14 | Q8: 72 | R8: 12 | S8: 12 | T8: 1430 | U8: 55 | V8: 6 | W8: 34 | X8: 7 | Y8: 17 | Z8: 10 | AA8: 49 | AB8: 27 | AC8: 23 | AD8: 5 | AE8: 33 | AF8: 70 | AG8: 5 | AH8: 34 | AI8: 31 | AJ8: 99 | AK8: 20 | AL8: 15 | AM8: 9 | AN8: 6 | AO8: 0 | AP8: 55 | AQ8: 50 | AR8: 8 | AS8: 40 | AT8: 7 | AU8: 8 | AV8: 7 | AW8: 3 | AX8: 36 | AY8: 18 | AZ8: 44 | BA8: 65 | BB8: 35 | BC8: 57 | BD8: 75 | BE8: 59 | BF8: 59 | BG8: 80 | BH8: 115 | BI8: 100 | BJ8: 215 | BK8: 20 | BL8: 16
A9: Mansfield | B9: 5 | C9: Home & away | D9: L | E9: 353 | F9: 240 | G9: 113 | H9: 114 | I9: 73 | J9: 24 | K9: 49 | L9: 62 | M9: 42 | N9: 11 | O9: 138 | P9: 16 | Q9: 122 | R9: 17 | S9: 15 | T9: 1516 | U9: 45 | V9: 4 | W9: 35 | X9: 13 | Y9: 11 | Z9: 11 | AA9: 42 | AB9: 33 | AC9: 18 | AD9: 14 | AE9: 27 | AF9: 71 | AG9: 4 | AH9: 48 | AI9: 19 | AJ9: 69 | AK9: 23 | AL9: 10 | AM9: 5 | AN9: 11 | AO9: 4 | AP9: 31 | AQ9: 28 | AR9: 3 | AS9: 22 | AT9: 6 | AU9: 11 | AV9: 11 | AW9: 2 | AX9: 57 | AY9: 24 | AZ9: 45 | BA9: 71 | BB9: 62 | BC9: 68 | BD9: 77 | BE9: 60 | BF9: 64 | BG9: 93 | BH9: 163 | BI9: 88 | BJ9: 251 | BK9: 21 | BL9: 21
A10: Echuca | B10: 6 | C10: Home & away | D10: L | E10: 344 | F10: 234 | G10: 110 | H10: 133 | I10: 79 | J10: 29 | K10: 50 | L10: 65 | M10: 36 | N10: 2 | O10: 126 | P10: 20 | Q10: 106 | R10: 19 | S10: 14 | T10: 1585 | U10: 44 | V10: 6 | W10: 40 | X10: 6 | Y10: 22 | Z10: 12 | AA10: 42 | AB10: 27 | AC10: 18 | AD10: 7 | AE10: 28 | AF10: 64 | AG10: 5 | AH10: 43 | AI10: 16 | AJ10: 88 | AK10: 18 | AL10: 4 | AM10: 6 | AN10: 15 | AO10: 1 | AP10: 60 | AQ10: 39 | AR10: 1 | AS10: 36 | AT10: 23 | AU10: 8 | AV10: 7 | AW10: 5 | AX10: 47 | AY10: 20 | AZ10: 40 | BA10: 68 | BB10: 45 | BC10: 62 | BD10: 82 | BE10: 53 | BF10: 56 | BG10: 71 | BH10: 144 | BI10: 91 | BJ10: 235 | BK10: 21 | BL10: 15
A11: Tatura | B11: 7 | C11: Home & away | D11: W | E11: 425 | F11: 273 | G11: 152 | H11: 137 | I11: 87 | J11: 24 | K11: 63 | L11: 67 | M11: 50 | N11: 9 | O11: 161 | P11: 19 | Q11: 142 | R11: 19 | S11: 29 | T11: 2088 | U11: 44 | V11: 8 | W11: 42 | X11: 10 | Y11: 18 | Z11: 14 | AA11: 63 | AB11: 28 | AC11: 16 | AD11: 6 | AE11: 29 | AF11: 59 | AG11: 4 | AH11: 23 | AI11: 32 | AJ11: 98 | AK11: 20 | AL11: 9 | AM11: 4 | AN11: 10 | AO11: 9 | AP11: 65 | AQ11: 47 | AR11: 18 | AS11: 34 | AT11: 13 | AU11: 20 | AV11: 14 | AW11: 1 | AX11: 55 | AY11: 35 | AZ11: 57 | BA11: 77 | BB11: 52 | BC11: 72 | BD11: 86 | BE11: 88 | BF11: 79 | BG11: 83 | BH11: 197 | BI11: 132 | BJ11: 329 | BK11: 37 | BL11: 22
A12: Kyabram | B12: 8 | C12: Home & away | D12: W | E12: 359 | F12: 219 | G12: 140 | H12: 107 | I12: 68 | J12: 31 | K12: 37 | L12: 61 | M12: 61 | N12: 10 | O12: 109 | P12: 10 | Q12: 99 | R12: 14 | S12: 18 | T12: 1657 | U12: 47 | V12: 7 | W12: 45 | X12: 11 | Y12: 20 | Z12: 14 | AA12: 48 | AB12: 37 | AC12: 16 | AD12: 7 | AE12: 72 | AF12: 63 | AG12: 4 | AH12: 41 | AI12: 18 | AJ12: 101 | AK12: 40 | AL12: 18 | AM12: 3 | AN12: 30 | AO12: 2 | AP12: 40 | AQ12: 33 | AR12: 4 | AS12: 28 | AT12: 8 | AU12: 10 | AV12: 14 | AW12: 5 | AX12: 60 | AY12: 29 | AZ12: 34 | BA12: 69 | BB12: 48 | BC12: 64 | BD12: 77 | BE12: 60 | BF12: 70 | BG12: 86 | BH12: 140 | BI12: 109 | BJ12: 249 | BK12: 27 | BL12: 26
A13: Benalla | B13: 9 | C13: Home & away | D13: W | E13: 406 | F13: 262 | G13: 144 | H13: 103 | I13: 64 | J13: 30 | K13: 34 | L13: 76 | M13: 63 | N13: 11 | O13: 149 | P13: 8 | Q13: 141 | R13: 14 | S13: 21 | T13: 1932 | U13: 39 | V13: 11 | W13: 38 | X13: 16 | Y13: 15 | Z13: 7 | AA13: 61 | AB13: 24 | AC13: 21 | AD13: 4 | AE13: 42 | AF13: 68 | AG13: 2 | AH13: 30 | AI13: 36 | AJ13: 112 | AK13: 42 | AL13: 5 | AM13: 3 | AN13: 21 | AO13: 9 | AP13: 62 | AQ13: 45 | AR13: 15 | AS13: 43 | AT13: 4 | AU13: 22 | AV13: 6 | AW13: 4 | AX13: 52 | AY13: 32 | AZ13: 68 | BA13: 81 | BB13: 62 | BC13: 78 | BD13: 85 | BE13: 74 | BF13: 92 | BG13: 100 | BH13: 205 | BI13: 123 | BJ13: 328 | BK13: 28 | BL13: 22
A14: Seymour | B14: 10 | C14: Home & away | D14: L | E14: 356 | F14: 225 | G14: 131 | H14: 105 | I14: 62 | J14: 30 | K14: 32 | L14: 74 | M14: 74 | N14: 3 | O14: 118 | P14: 10 | Q14: 108 | R14: 17 | S14: 16 | T14: 1633 | U14: 44 | V14: 7 | W14: 43 | X14: 8 | Y14: 25 | Z14: 10 | AA14: 46 | AB14: 28 | AC14: 19 | AD14: 7 | AE14: 57 | AF14: 61 | AG14: 3 | AH14: 35 | AI14: 23 | AJ14: 125 | AK14: 38 | AL14: 21 | AM14: 2 | AN14: 22 | AO14: 6 | AP14: 64 | AQ14: 49 | AR14: 17 | AS14: 37 | AT14: 10 | AU14: 5 | AV14: 15 | AW14: 1 | AX14: 45 | AY14: 21 | AZ14: 23 | BA14: 67 | BB14: 59 | BC14: 67 | BD14: 67 | BE14: 74 | BF14: 64 | BG14: 86 | BH14: 150 | BI14: 89 | BJ14: 239 | BK14: 32 | BL14: 18
A15: Rochester | B15: 11 | C15: Home & away | D15: L | E15: 311 | F15: 219 | G15: 92 | H15: 131 | I15: 71 | J15: 27 | K15: 44 | L15: 80 | M15: 36 | N15: 7 | O15: 99 | P15: 18 | Q15: 81 | R15: 19 | S15: 10 | T15: 1415 | U15: 63 | V15: 11 | W15: 33 | X15: 7 | Y15: 21 | Z15: 5 | AA15: 36 | AB15: 45 | AC15: 24 | AD15: 10 | AE15: 31 | AF15: 69 | AG15: 4 | AH15: 47 | AI15: 18 | AJ15: 117 | AK15: 45 | AL15: 17 | AM15: 2 | AN15: 10 | AO15: 3 | AP15: 53 | AQ15: 43 | AR15: 11 | AS15: 23 | AT15: 19 | AU15: 4 | AV15: 9 | AW15: 3 | AX15: 44 | AY15: 16 | AZ15: 25 | BA15: 58 | BB15: 44 | BC15: 53 | BD15: 68 | BE15: 45 | BF15: 56 | BG15: 60 | BH15: 117 | BI15: 63 | BJ15: 180 | BK15: 15 | BL15: 25
A16: Euroa | B16: 12 | C16: Home & away | D16: W | E16: 373 | F16: 248 | G16: 125 | H16: 116 | I16: 69 | J16: 21 | K16: 48 | L16: 60 | M16: 51 | N16: 10 | O16: 136 | P16: 17 | Q16: 119 | R16: 20 | S16: 24 | T16: 1719 | U16: 64 | V16: 12 | W16: 40 | X16: 9 | Y16: 20 | Z16: 11 | AA16: 47 | AB16: 31 | AC16: 12 | AD16: 15 | AE16: 40 | AF16: 63 | AG16: 7 | AH16: 36 | AI16: 20 | AJ16: 103 | AK16: 34 | AL16: 20 | AM16: 1 | AN16: 4 | AO16: 10 | AP16: 48 | AQ16: 34 | AR16: 7 | AS16: 35 | AT16: 6 | AU16: 13 | AV16: 7 | AW16: 3 | AX16: 48 | AY16: 23 | AZ16: 56 | BA16: 72 | BB16: 60 | BC16: 67 | BD16: 81 | BE16: 55 | BF16: 74 | BG16: 73 | BH16: 165 | BI16: 102 | BJ16: 267 | BK16: 22 | BL16: 23
... A22: Mansfield | B22: 18 | C22: Home & away | D22: W | E22: 360 | F22: 220 | G22: 140 | H22: 152 | I22: 92 | J22: 34 | K22: 58 | L22: 57 | M22: 47 | N22: 9 | O22: 98 | P22: 16 | Q22: 82 | R22: 16 | S22: 13 | T22: 1769 | U22: 62 | V22: 21 | W22: 52 | X22: 11 | Y22: 26 | Z22: 15 | AA22: 48 | AB22: 40 | AC22: 20 | AD22: 14 | AE22: 30 | AF22: 66 | AG22: 6 | AH22: 33 | AI22: 27 | AJ22: 116 | AK22: 41 | AL22: 8 | AM22: 3 | AN22: 14 | AO22: 9 | AP22: 64 | AQ22: 51 | AR22: 11 | AS22: 31 | AT22: 22 | AU22: 19 | AV22: 5 | AW22: 0 | AX22: 50 | AY22: 24 | AZ22: 79 | BA22: 70 | BB22: 54 | BC22: 65 | BD22: 77 | BE22: 69 | BF22: 57 | BG22: 86 | BH22: 143 | BI22: 109 | BJ22: 252 | BK22: 36 | BL22: 23

Sheet United Games Against
A1: Shepparton United 2026: The opponent's stats in each game against Shepparton United
A2: Source: Premier Data Team Summary > Match Statistics. Hover a header for its full name.
A4: Opponent | B4: Round | C4: Stage | D4: Result | E4: D | F4: K | G4: HB | H4: CP | I4: TGB | J4: HBG | K4: LBG | L4: IP | M4: GTH | N4: HR | O4: M | P4: CM | Q4: UM | R4: IM | S4: MI50 | T4: RP | U4: HO | V4: HOA | W4: Cl | X4: CC | Y4: BUC | Z4: TIC | AA4: I50 | AB4: R50 | AC4: FF | AD4: KI | AE4: 1% | AF4: TO | AG4: BTO | AH4: MTO | AI4: FTO | AJ4: PR | AK4: PRA | AL4: Ch | AM4: Sm | AN4: Sp | AO4: PRF | AP4: T | AQ4: TE | AR4: FTKL | AS4: MTKL | AT4: BTKL | AU4: G | AV4: B | AW4: RB | AX4: SE% | AY4: SS | AZ4: GA% | BA4: DE% | BB4: I50% | BC4: K% | BD4: H% | BE4: C% | BF4: R50% | BG4: KI% | BH4: KE | BI4: HE | BJ4: ED | BK4: EFFC | BL4: EFFR
A5: Shepparton Bears | B5: 1 | C5: Home & away | D5: L | E5: 343 | F5: 214 | G5: 129 | H5: 128 | I5: 82 | J5: 23 | K5: 59 | L5: 74 | M5: 65 | N5: 12 | O5: 103 | P5: 7 | Q5: 96 | R5: 13 | S5: 14 | T5: 1597 | U5: 50 | V5: 13 | W5: 39 | X5: 9 | Y5: 17 | Z5: 13 | AA5: 45 | AB5: 32 | AC5: 22 | AD5: 4 | AE5: 38 | AF5: 76 | AG5: 5 | AH5: 48 | AI5: 23 | AJ5: 103 | AK5: 23 | AL5: 14 | AM5: 2 | AN5: 17 | AO5: 5 | AP5: 64 | AQ5: 51 | AR5: 4 | AS5: 50 | AT5: 10 | AU5: 15 | AV5: 6 | AW5: 2 | AX5: 51 | AY5: 23 | AZ5: 65 | BA5: 64 | BB5: 51 | BC5: 61 | BD5: 69 | BE5: 72 | BF5: 47 | BG5: 75 | BH5: 131 | BI5: 90 | BJ5: 221 | BK5: 28 | BL5: 15
A6: Euroa | B6: 2 | C6: Home & away | D6: W | E6: 264 | F6: 154 | G6: 110 | H6: 92 | I6: 61 | J6: 30 | K6: 31 | L6: 50 | M6: 31 | N6: 11 | O6: 72 | P6: 10 | Q6: 62 | R6: 15 | S6: 8 | T6: 1146 | U6: 23 | V6: 5 | W6: 23 | X6: 5 | Y6: 13 | Z6: 5 | AA6: 28 | AB6: 31 | AC6: 13 | AD6: 11 | AE6: 33 | AF6: 52 | AG6: 4 | AH6: 39 | AI6: 9 | AJ6: 87 | AK6: 19 | AL6: 11 | AM6: 2 | AN6: 10 | AO6: 2 | AP6: 55 | AQ6: 42 | AR6: 9 | AS6: 27 | AT6: 19 | AU6: 7 | AV6: 6 | AW6: 1 | AX6: 50 | AY6: 14 | AZ6: 50 | BA6: 67 | BB6: 61 | BC6: 57 | BD6: 80 | BE6: 61 | BF6: 55 | BG6: 45 | BH6: 88 | BI6: 88 | BJ6: 176 | BK6: 14 | BL6: 17
A7: Shepparton Swans | B7: 3 | C7: Home & away | D7: W | E7: 333 | F7: 220 | G7: 113 | H7: 113 | I7: 74 | J7: 23 | K7: 51 | L7: 76 | M7: 50 | N7: 10 | O7: 104 | P7: 12 | Q7: 92 | R7: 10 | S7: 11 | T7: 1585 | U7: 30 | V7: 4 | W7: 38 | X7: 6 | Y7: 22 | Z7: 10 | AA7: 52 | AB7: 44 | AC7: 19 | AD7: 11 | AE7: 53 | AF7: 74 | AG7: 4 | AH7: 43 | AI7: 27 | AJ7: 153 | AK7: 58 | AL7: 12 | AM7: 4 | AN7: 22 | AO7: 12 | AP7: 79 | AQ7: 62 | AR7: 10 | AS7: 50 | AT7: 19 | AU7: 6 | AV7: 9 | AW7: 3 | AX7: 34 | AY7: 18 | AZ7: 33 | BA7: 66 | BB7: 42 | BC7: 60 | BD7: 76 | BE7: 55 | BF7: 52 | BG7: 100 | BH7: 133 | BI7: 86 | BJ7: 219 | BK7: 21 | BL7: 23
A8: Mooroopna | B8: 4 | C8: Home & away | D8: L | E8: 340 | F8: 202 | G8: 138 | H8: 136 | I8: 75 | J8: 23 | K8: 52 | L8: 68 | M8: 56 | N8: 15 | O8: 86 | P8: 10 | Q8: 76 | R8: 8 | S8: 6 | T8: 1427 | U8: 39 | V8: 8 | W8: 50 | X8: 10 | Y8: 19 | Z8: 21 | AA8: 38 | AB8: 42 | AC8: 19 | AD8: 10 | AE8: 33 | AF8: 83 | AG8: 6 | AH8: 56 | AI8: 21 | AJ8: 101 | AK8: 29 | AL8: 9 | AM8: 9 | AN8: 14 | AO8: 2 | AP8: 54 | AQ8: 46 | AR8: 6 | AS8: 31 | AT8: 17 | AU8: 10 | AV8: 4 | AW8: 1 | AX8: 39 | AY8: 15 | AZ8: 66 | BA8: 65 | BB8: 32 | BC8: 52 | BD8: 84 | BE8: 54 | BF8: 55 | BG8: 60 | BH8: 106 | BI8: 116 | BJ8: 222 | BK8: 27 | BL8: 23
A9: Mansfield | B9: 5 | C9: Home & away | D9: L | E9: 309 | F9: 192 | G9: 117 | H9: 125 | I9: 78 | J9: 15 | K9: 63 | L9: 68 | M9: 28 | N9: 10 | O9: 80 | P9: 14 | Q9: 66 | R9: 15 | S9: 14 | T9: 1480 | U9: 27 | V9: 4 | W9: 40 | X9: 16 | Y9: 14 | Z9: 10 | AA9: 51 | AB9: 31 | AC9: 29 | AD9: 13 | AE9: 38 | AF9: 65 | AG9: 2 | AH9: 45 | AI9: 18 | AJ9: 112 | AK9: 41 | AL9: 13 | AM9: 3 | AN9: 13 | AO9: 8 | AP9: 55 | AQ9: 42 | AR9: 8 | AS9: 40 | AT9: 7 | AU9: 17 | AV9: 14 | AW9: 0 | AX9: 60 | AY9: 31 | AZ9: 54 | BA9: 70 | BB9: 59 | BC9: 60 | BD9: 86 | BE9: 63 | BF9: 61 | BG9: 69 | BH9: 115 | BI9: 101 | BJ9: 216 | BK9: 25 | BL9: 19
A10: Echuca | B10: 6 | C10: Home & away | D10: L | E10: 346 | F10: 217 | G10: 129 | H10: 130 | I10: 79 | J10: 28 | K10: 51 | L10: 56 | M10: 46 | N10: 12 | O10: 102 | P10: 13 | Q10: 89 | R10: 16 | S10: 11 | T10: 1650 | U10: 64 | V10: 12 | W10: 49 | X10: 8 | Y10: 25 | Z10: 16 | AA10: 42 | AB10: 34 | AC10: 15 | AD10: 12 | AE10: 35 | AF10: 66 | AG10: 1 | AH10: 44 | AI10: 21 | AJ10: 118 | AK10: 25 | AL10: 6 | AM10: 10 | AN10: 16 | AO10: 2 | AP10: 77 | AQ10: 51 | AR10: 14 | AS10: 56 | AT10: 7 | AU10: 15 | AV10: 6 | AW10: 1 | AX10: 52 | AY10: 22 | AZ10: 68 | BA10: 68 | BB10: 55 | BC10: 65 | BD10: 75 | BE10: 55 | BF10: 47 | BG10: 75 | BH10: 140 | BI10: 97 | BJ10: 237 | BK10: 27 | BL10: 16
A11: Tatura | B11: 7 | C11: Home & away | D11: W | E11: 268 | F11: 174 | G11: 94 | H11: 98 | I11: 57 | J11: 18 | K11: 39 | L11: 57 | M11: 34 | N11: 7 | O11: 84 | P11: 15 | Q11: 69 | R11: 13 | S11: 8 | T11: 1131 | U11: 38 | V11: 2 | W11: 31 | X11: 11 | Y11: 9 | Z11: 11 | AA11: 33 | AB11: 40 | AC11: 12 | AD11: 14 | AE11: 28 | AF11: 69 | AG11: 12 | AH11: 40 | AI11: 17 | AJ11: 91 | AK11: 37 | AL11: 12 | AM11: 5 | AN11: 11 | AO11: 11 | AP11: 37 | AQ11: 24 | AR11: 8 | AS11: 19 | AT11: 10 | AU11: 5 | AV11: 5 | AW11: 1 | AX11: 33 | AY11: 11 | AZ11: 45 | BA11: 65 | BB11: 33 | BC11: 57 | BD11: 79 | BE11: 45 | BF11: 65 | BG11: 71 | BH11: 99 | BI11: 75 | BJ11: 174 | BK11: 14 | BL11: 26
A12: Kyabram | B12: 8 | C12: Home & away | D12: W | E12: 327 | F12: 231 | G12: 96 | H12: 108 | I12: 55 | J12: 23 | K12: 32 | L12: 61 | M12: 77 | N12: 5 | O12: 105 | P12: 15 | Q12: 90 | R12: 13 | S12: 7 | T12: 1540 | U12: 33 | V12: 4 | W12: 41 | X12: 13 | Y12: 16 | Z12: 12 | AA12: 47 | AB12: 38 | AC12: 12 | AD12: 19 | AE12: 48 | AF12: 63 | AG12: 4 | AH12: 38 | AI12: 21 | AJ12: 123 | AK12: 39 | AL12: 11 | AM12: 7 | AN12: 20 | AO12: 6 | AP12: 66 | AQ12: 47 | AR12: 16 | AS12: 40 | AT12: 10 | AU12: 11 | AV12: 7 | AW12: 0 | AX12: 38 | AY12: 18 | AZ12: 61 | BA12: 68 | BB12: 43 | BC12: 65 | BD12: 75 | BE12: 68 | BF12: 66 | BG12: 74 | BH12: 151 | BI12: 72 | BJ12: 223 | BK12: 28 | BL12: 25
A13: Benalla | B13: 9 | C13: Home & away | D13: W | E13: 266 | F13: 152 | G13: 114 | H13: 111 | I13: 64 | J13: 27 | K13: 37 | L13: 68 | M13: 41 | N13: 9 | O13: 61 | P13: 9 | Q13: 52 | R13: 9 | S13: 7 | T13: 1179 | U13: 46 | V13: 5 | W13: 32 | X13: 10 | Y13: 14 | Z13: 8 | AA13: 30 | AB13: 39 | AC13: 27 | AD13: 10 | AE13: 62 | AF13: 77 | AG13: 12 | AH13: 46 | AI13: 19 | AJ13: 128 | AK13: 43 | AL13: 24 | AM13: 4 | AN13: 26 | AO13: 6 | AP13: 57 | AQ13: 36 | AR13: 4 | AS13: 36 | AT13: 17 | AU13: 6 | AV13: 3 | AW13: 1 | AX13: 33 | AY13: 10 | AZ13: 60 | BA13: 66 | BB13: 47 | BC13: 59 | BD13: 74 | BE13: 53 | BF13: 64 | BG13: 60 | BH13: 90 | BI13: 85 | BJ13: 175 | BK13: 17 | BL13: 25
A14: Seymour | B14: 10 | C14: Home & away | D14: L | E14: 275 | F14: 172 | G14: 103 | H14: 113 | I14: 58 | J14: 26 | K14: 32 | L14: 56 | M14: 57 | N14: 9 | O14: 64 | P14: 10 | Q14: 54 | R14: 9 | S14: 7 | T14: 1278 | U14: 56 | V14: 8 | W14: 49 | X14: 8 | Y14: 25 | Z14: 16 | AA14: 37 | AB14: 40 | AC14: 22 | AD14: 15 | AE14: 49 | AF14: 76 | AG14: 8 | AH14: 43 | AI14: 25 | AJ14: 122 | AK14: 45 | AL14: 13 | AM14: 1 | AN14: 26 | AO14: 9 | AP14: 63 | AQ14: 47 | AR14: 10 | AS14: 31 | AT14: 22 | AU14: 9 | AV14: 6 | AW14: 1 | AX14: 43 | AY14: 16 | AZ14: 56 | BA14: 63 | BB14: 35 | BC14: 53 | BD14: 78 | BE14: 47 | BF14: 38 | BG14: 73 | BH14: 91 | BI14: 81 | BJ14: 172 | BK14: 23 | BL14: 15
A15: Rochester | B15: 11 | C15: Home & away | D15: L | E15: 331 | F15: 211 | G15: 120 | H15: 142 | I15: 87 | J15: 42 | K15: 45 | L15: 65 | M15: 48 | N15: 17 | O15: 89 | P15: 13 | Q15: 76 | R15: 16 | S15: 13 | T15: 1593 | U15: 43 | V15: 8 | W15: 52 | X15: 8 | Y15: 30 | Z15: 14 | AA15: 56 | AB15: 31 | AC15: 24 | AD15: 12 | AE15: 47 | AF15: 86 | AG15: 4 | AH15: 44 | AI15: 38 | AJ15: 150 | AK15: 46 | AL15: 15 | AM15: 8 | AN15: 19 | AO15: 11 | AP15: 81 | AQ15: 64 | AR15: 13 | AS15: 48 | AT15: 20 | AU15: 12 | AV15: 10 | AW15: 1 | AX15: 41 | AY15: 23 | AZ15: 52 | BA15: 65 | BB15: 45 | BC15: 59 | BD15: 75 | BE15: 46 | BF15: 74 | BG15: 100 | BH15: 124 | BI15: 91 | BJ15: 215 | BK15: 24 | BL15: 23
A16: Euroa | B16: 12 | C16: Home & away | D16: W | E16: 319 | F16: 197 | G16: 122 | H16: 129 | I16: 89 | J16: 32 | K16: 57 | L16: 59 | M16: 26 | N16: 1 | O16: 96 | P16: 9 | Q16: 87 | R16: 11 | S16: 17 | T16: 1486 | U16: 18 | V16: 2 | W16: 33 | X16: 6 | Y16: 13 | Z16: 14 | AA16: 39 | AB16: 34 | AC16: 17 | AD16: 10 | AE16: 54 | AF16: 62 | AG16: 5 | AH16: 38 | AI16: 19 | AJ16: 138 | AK16: 55 | AL16: 17 | AM16: 8 | AN16: 20 | AO16: 6 | AP16: 58 | AQ16: 43 | AR16: 8 | AS16: 32 | AT16: 18 | AU16: 6 | AV16: 13 | AW16: 3 | AX16: 56 | AY16: 22 | AZ16: 27 | BA16: 71 | BB16: 62 | BC16: 66 | BD16: 78 | BE16: 70 | BF16: 68 | BG16: 90 | BH16: 130 | BI16: 96 | BJ16: 226 | BK16: 23 | BL16: 23
... A22: Mansfield | B22: 18 | C22: Home & away | D22: W | E22: 296 | F22: 183 | G22: 113 | H22: 137 | I22: 78 | J22: 22 | K22: 56 | L22: 62 | M22: 34 | N22: 13 | O22: 84 | P22: 22 | Q22: 62 | R22: 17 | S22: 14 | T22: 1608 | U22: 49 | V22: 18 | W22: 49 | X22: 16 | Y22: 20 | Z22: 13 | AA22: 52 | AB22: 28 | AC22: 24 | AD22: 5 | AE22: 38 | AF22: 62 | AG22: 6 | AH22: 30 | AI22: 26 | AJ22: 149 | AK22: 60 | AL22: 6 | AM22: 6 | AN22: 13 | AO22: 16 | AP22: 77 | AQ22: 61 | AR22: 19 | AS22: 41 | AT22: 17 | AU22: 14 | AV22: 12 | AW22: 3 | AX22: 55 | AY22: 29 | AZ22: 48 | BA22: 68 | BB22: 52 | BC22: 61 | BD22: 78 | BE22: 61 | BF22: 57 | BG22: 100 | BH22: 112 | BI22: 89 | BJ22: 201 | BK22: 30 | BL22: 16

Sheet United Games Diff
A1: Shepparton United 2026: differential in each game (own stat minus opponent's stat)
A2: Formulas: For sheet minus Against sheet. Positive = more than the opponent.
A4: Opponent | B4: Round | C4: Stage | D4: Result | E4: D | F4: K | G4: HB | H4: CP | I4: TGB | J4: HBG | K4: LBG | L4: IP | M4: GTH | N4: HR | O4: M | P4: CM | Q4: UM | R4: IM | S4: MI50 | T4: RP | U4: HO | V4: HOA | W4: Cl | X4: CC | Y4: BUC | Z4: TIC | AA4: I50 | AB4: R50 | AC4: FF | AD4: KI | AE4: 1% | AF4: TO | AG4: BTO | AH4: MTO | AI4: FTO | AJ4: PR | AK4: PRA | AL4: Ch | AM4: Sm | AN4: Sp | AO4: PRF | AP4: T | AQ4: TE | AR4: FTKL | AS4: MTKL | AT4: BTKL | AU4: G | AV4: B | AW4: RB | AX4: SE% | AY4: SS | AZ4: GA% | BA4: DE% | BB4: I50% | BC4: K% | BD4: H% | BE4: C% | BF4: R50% | BG4: KI% | BH4: KE | BI4: HE | BJ4: ED | BK4: EFFC | BL4: EFFR
A5: ='United Games For'!A5 -> Shepparton Bears | B5: ='United Games For'!B5 -> 1 | C5: ='United Games For'!C5 -> Home & away | D5: ='United Games For'!D5 -> L | E5: ='United Games For'!E5-'United Games Against'!E5 -> -45 | F5: ='United Games For'!F5-'United Games Against'!F5 -> -30 | G5: ='United Games For'!G5-'United Games Against'!G5 -> -15 | H5: ='United Games For'!H5-'United Games Against'!H5 -> -6 | I5: ='United Games For'!I5-'United Games Against'!I5 -> -19 | J5: ='United Games For'!J5-'United Games Against'!J5 -> -4 | K5: ='United Games For'!K5-'United Games Against'!K5 -> -15 | L5: ='United Games For'!L5-'United Games Against'!L5 -> -7 | ... BL5: ='United Games For'!BL5-'United Games Against'!BL5 -> 3
A6: ='United Games For'!A6 -> Euroa | B6: ='United Games For'!B6 -> 2 | C6: ='United Games For'!C6 -> Home & away | D6: ='United Games For'!D6 -> W | E6: ='United Games For'!E6-'United Games Against'!E6 -> 7 | F6: ='United Games For'!F6-'United Games Against'!F6 -> 28 | G6: ='United Games For'!G6-'United Games Against'!G6 -> -21 | H6: ='United Games For'!H6-'United Games Against'!H6 -> 21 | I6: ='United Games For'!I6-'United Games Against'!I6 -> -8 | J6: ='United Games For'!J6-'United Games Against'!J6 -> -15 | K6: ='United Games For'!K6-'United Games Against'!K6 -> 7 | L6: ='United Games For'!L6-'United Games Against'!L6 -> 0 | ... BL6: ='United Games For'!BL6-'United Games Against'!BL6 -> -1
A7: ='United Games For'!A7 -> Shepparton Swans | B7: ='United Games For'!B7 -> 3 | C7: ='United Games For'!C7 -> Home & away | D7: ='United Games For'!D7 -> W | E7: ='United Games For'!E7-'United Games Against'!E7 -> 11 | F7: ='United Games For'!F7-'United Games Against'!F7 -> 10 | G7: ='United Games For'!G7-'United Games Against'!G7 -> 1 | H7: ='United Games For'!H7-'United Games Against'!H7 -> 45 | I7: ='United Games For'!I7-'United Games Against'!I7 -> 17 | J7: ='United Games For'!J7-'United Games Against'!J7 -> 11 | K7: ='United Games For'!K7-'United Games Against'!K7 -> 6 | L7: ='United Games For'!L7-'United Games Against'!L7 -> -7 | ... BL7: ='United Games For'!BL7-'United Games Against'!BL7 -> 10
A8: ='United Games For'!A8 -> Mooroopna | B8: ='United Games For'!B8 -> 4 | C8: ='United Games For'!C8 -> Home & away | D8: ='United Games For'!D8 -> L | E8: ='United Games For'!E8-'United Games Against'!E8 -> -7 | F8: ='United Games For'!F8-'United Games Against'!F8 -> -2 | G8: ='United Games For'!G8-'United Games Against'!G8 -> -5 | H8: ='United Games For'!H8-'United Games Against'!H8 -> -4 | I8: ='United Games For'!I8-'United Games Against'!I8 -> 13 | J8: ='United Games For'!J8-'United Games Against'!J8 -> 4 | K8: ='United Games For'!K8-'United Games Against'!K8 -> 9 | L8: ='United Games For'!L8-'United Games Against'!L8 -> 11 | ... BL8: ='United Games For'!BL8-'United Games Against'!BL8 -> -7
A9: ='United Games For'!A9 -> Mansfield | B9: ='United Games For'!B9 -> 5 | C9: ='United Games For'!C9 -> Home & away | D9: ='United Games For'!D9 -> L | E9: ='United Games For'!E9-'United Games Against'!E9 -> 44 | F9: ='United Games For'!F9-'United Games Against'!F9 -> 48 | G9: ='United Games For'!G9-'United Games Against'!G9 -> -4 | H9: ='United Games For'!H9-'United Games Against'!H9 -> -11 | I9: ='United Games For'!I9-'United Games Against'!I9 -> -5 | J9: ='United Games For'!J9-'United Games Against'!J9 -> 9 | K9: ='United Games For'!K9-'United Games Against'!K9 -> -14 | L9: ='United Games For'!L9-'United Games Against'!L9 -> -6 | ... BL9: ='United Games For'!BL9-'United Games Against'!BL9 -> 2
A10: ='United Games For'!A10 -> Echuca | B10: ='United Games For'!B10 -> 6 | C10: ='United Games For'!C10 -> Home & away | D10: ='United Games For'!D10 -> L | E10: ='United Games For'!E10-'United Games Against'!E10 -> -2 | F10: ='United Games For'!F10-'United Games Against'!F10 -> 17 | G10: ='United Games For'!G10-'United Games Against'!G10 -> -19 | H10: ='United Games For'!H10-'United Games Against'!H10 -> 3 | I10: ='United Games For'!I10-'United Games Against'!I10 -> 0 | J10: ='United Games For'!J10-'United Games Against'!J10 -> 1 | K10: ='United Games For'!K10-'United Games Against'!K10 -> -1 | L10: ='United Games For'!L10-'United Games Against'!L10 -> 9 | ... BL10: ='United Games For'!BL10-'United Games Against'!BL10 -> -1
A11: ='United Games For'!A11 -> Tatura | B11: ='United Games For'!B11 -> 7 | C11: ='United Games For'!C11 -> Home & away | D11: ='United Games For'!D11 -> W | E11: ='United Games For'!E11-'United Games Against'!E11 -> 157 | F11: ='United Games For'!F11-'United Games Against'!F11 -> 99 | G11: ='United Games For'!G11-'United Games Against'!G11 -> 58 | H11: ='United Games For'!H11-'United Games Against'!H11 -> 39 | I11: ='United Games For'!I11-'United Games Against'!I11 -> 30 | J11: ='United Games For'!J11-'United Games Against'!J11 -> 6 | K11: ='United Games For'!K11-'United Games Against'!K11 -> 24 | L11: ='United Games For'!L11-'United Games Against'!L11 -> 10 | ... BL11: ='United Games For'!BL11-'United Games Against'!BL11 -> -4
A12: ='United Games For'!A12 -> Kyabram | B12: ='United Games For'!B12 -> 8 | C12: ='United Games For'!C12 -> Home & away | D12: ='United Games For'!D12 -> W | E12: ='United Games For'!E12-'United Games Against'!E12 -> 32 | F12: ='United Games For'!F12-'United Games Against'!F12 -> -12 | G12: ='United Games For'!G12-'United Games Against'!G12 -> 44 | H12: ='United Games For'!H12-'United Games Against'!H12 -> -1 | I12: ='United Games For'!I12-'United Games Against'!I12 -> 13 | J12: ='United Games For'!J12-'United Games Against'!J12 -> 8 | K12: ='United Games For'!K12-'United Games Against'!K12 -> 5 | L12: ='United Games For'!L12-'United Games Against'!L12 -> 0 | ... BL12: ='United Games For'!BL12-'United Games Against'!BL12 -> 1
A13: ='United Games For'!A13 -> Benalla | B13: ='United Games For'!B13 -> 9 | C13: ='United Games For'!C13 -> Home & away | D13: ='United Games For'!D13 -> W | E13: ='United Games For'!E13-'United Games Against'!E13 -> 140 | F13: ='United Games For'!F13-'United Games Against'!F13 -> 110 | G13: ='United Games For'!G13-'United Games Against'!G13 -> 30 | H13: ='United Games For'!H13-'United Games Against'!H13 -> -8 | I13: ='United Games For'!I13-'United Games Against'!I13 -> 0 | J13: ='United Games For'!J13-'United Games Against'!J13 -> 3 | K13: ='United Games For'!K13-'United Games Against'!K13 -> -3 | L13: ='United Games For'!L13-'United Games Against'!L13 -> 8 | ... BL13: ='United Games For'!BL13-'United Games Against'!BL13 -> -3
A14: ='United Games For'!A14 -> Seymour | B14: ='United Games For'!B14 -> 10 | C14: ='United Games For'!C14 -> Home & away | D14: ='United Games For'!D14 -> L | E14: ='United Games For'!E14-'United Games Against'!E14 -> 81 | F14: ='United Games For'!F14-'United Games Against'!F14 -> 53 | G14: ='United Games For'!G14-'United Games Against'!G14 -> 28 | H14: ='United Games For'!H14-'United Games Against'!H14 -> -8 | I14: ='United Games For'!I14-'United Games Against'!I14 -> 4 | J14: ='United Games For'!J14-'United Games Against'!J14 -> 4 | K14: ='United Games For'!K14-'United Games Against'!K14 -> 0 | L14: ='United Games For'!L14-'United Games Against'!L14 -> 18 | ... BL14: ='United Games For'!BL14-'United Games Against'!BL14 -> 3
A15: ='United Games For'!A15 -> Rochester | B15: ='United Games For'!B15 -> 11 | C15: ='United Games For'!C15 -> Home & away | D15: ='United Games For'!D15 -> L | E15: ='United Games For'!E15-'United Games Against'!E15 -> -20 | F15: ='United Games For'!F15-'United Games Against'!F15 -> 8 | G15: ='United Games For'!G15-'United Games Against'!G15 -> -28 | H15: ='United Games For'!H15-'United Games Against'!H15 -> -11 | I15: ='United Games For'!I15-'United Games Against'!I15 -> -16 | J15: ='United Games For'!J15-'United Games Against'!J15 -> -15 | K15: ='United Games For'!K15-'United Games Against'!K15 -> -1 | L15: ='United Games For'!L15-'United Games Against'!L15 -> 15 | ... BL15: ='United Games For'!BL15-'United Games Against'!BL15 -> 2
A16: ='United Games For'!A16 -> Euroa | B16: ='United Games For'!B16 -> 12 | C16: ='United Games For'!C16 -> Home & away | D16: ='United Games For'!D16 -> W | E16: ='United Games For'!E16-'United Games Against'!E16 -> 54 | F16: ='United Games For'!F16-'United Games Against'!F16 -> 51 | G16: ='United Games For'!G16-'United Games Against'!G16 -> 3 | H16: ='United Games For'!H16-'United Games Against'!H16 -> -13 | I16: ='United Games For'!I16-'United Games Against'!I16 -> -20 | J16: ='United Games For'!J16-'United Games Against'!J16 -> -11 | K16: ='United Games For'!K16-'United Games Against'!K16 -> -9 | L16: ='United Games For'!L16-'United Games Against'!L16 -> 1 | ... BL16: ='United Games For'!BL16-'United Games Against'!BL16 -> 0
... A22: ='United Games For'!A22 -> Mansfield | B22: ='United Games For'!B22 -> 18 | C22: ='United Games For'!C22 -> Home & away | D22: ='United Games For'!D22 -> W | E22: ='United Games For'!E22-'United Games Against'!E22 -> 64 | F22: ='United Games For'!F22-'United Games Against'!F22 -> 37 | G22: ='United Games For'!G22-'United Games Against'!G22 -> 27 | H22: ='United Games For'!H22-'United Games Against'!H22 -> 15 | I22: ='United Games For'!I22-'United Games Against'!I22 -> 14 | J22: ='United Games For'!J22-'United Games Against'!J22 -> 12 | K22: ='United Games For'!K22-'United Games Against'!K22 -> 2 | L22: ='United Games For'!L22-'United Games Against'!L22 -> -5 | ... BL22: ='United Games For'!BL22-'United Games Against'!BL22 -> 7

Sheet Echuca Games For
A1: Echuca 2026: Echuca's own stats in each game
A2: Source: Premier Data Team Summary > Match Statistics. Hover a header for its full name.
A4: Opponent | B4: Round | C4: Stage | D4: Result | E4: D | F4: K | G4: HB | H4: CP | I4: TGB | J4: HBG | K4: LBG | L4: IP | M4: GTH | N4: HR | O4: M | P4: CM | Q4: UM | R4: IM | S4: MI50 | T4: RP | U4: HO | V4: HOA | W4: Cl | X4: CC | Y4: BUC | Z4: TIC | AA4: I50 | AB4: R50 | AC4: FF | AD4: KI | AE4: 1% | AF4: TO | AG4: BTO | AH4: MTO | AI4: FTO | AJ4: PR | AK4: PRA | AL4: Ch | AM4: Sm | AN4: Sp | AO4: PRF | AP4: T | AQ4: TE | AR4: FTKL | AS4: MTKL | AT4: BTKL | AU4: G | AV4: B | AW4: RB | AX4: SE% | AY4: SS | AZ4: GA% | BA4: DE% | BB4: I50% | BC4: K% | BD4: H% | BE4: C% | BF4: R50% | BG4: KI% | BH4: KE | BI4: HE | BJ4: ED | BK4: EFFC | BL4: EFFR
A5: Tatura | B5: 1 | C5: Home & away | D5: W | E5: 375 | F5: 219 | G5: 156 | H5: 152 | I5: 96 | J5: 34 | K5: 62 | L5: 59 | M5: 42 | N5: 5 | O5: 82 | P5: 13 | Q5: 69 | R5: 10 | S5: 22 | T5: 1813 | U5: 44 | V5: 16 | W5: 50 | X5: 18 | Y5: 21 | Z5: 11 | AA5: 72 | AB5: 11 | AC5: 19 | AD5: 0 | AE5: 40 | AF5: 53 | AG5: 0 | AH5: 19 | AI5: 34 | AJ5: 129 | AK5: 53 | AL5: 19 | AM5: 4 | AN5: 12 | AO5: 16 | AP5: 53 | AQ5: 40 | AR5: 10 | AS5: 36 | AT5: 7 | AU5: 23 | AV5: 17 | AW5: 2 | AX5: 58 | AY5: 42 | AZ5: 54 | BA5: 77 | BB5: 65 | BC5: 68 | BD5: 88 | BE5: 74 | BF5: 64 | BG5: 0 | BH5: 150 | BI5: 138 | BJ5: 288 | BK5: 37 | BL5: 7
A6: Benalla | B6: 2 | C6: Home & away | D6: W | E6: 397 | F6: 266 | G6: 131 | H6: 149 | I6: 92 | J6: 30 | K6: 62 | L6: 79 | M6: 48 | N6: 6 | O6: 130 | P6: 12 | Q6: 118 | R6: 13 | S6: 21 | T6: 1811 | U6: 34 | V6: 7 | W6: 46 | X6: 7 | Y6: 22 | Z6: 17 | AA6: 56 | AB6: 23 | AC6: 25 | AD6: 4 | AE6: 47 | AF6: 73 | AG6: 1 | AH6: 46 | AI6: 26 | AJ6: 128 | AK6: 34 | AL6: 10 | AM6: 12 | AN6: 14 | AO6: 16 | AP6: 72 | AQ6: 54 | AR6: 10 | AS6: 59 | AT6: 3 | AU6: 10 | AV6: 15 | AW6: 2 | AX6: 48 | AY6: 27 | AZ6: 37 | BA6: 74 | BB6: 61 | BC6: 71 | BD6: 78 | BE6: 63 | BF6: 78 | BG6: 100 | BH6: 189 | BI6: 103 | BJ6: 292 | BK6: 29 | BL6: 18
A7: Rochester | B7: 3 | C7: Home & away | D7: W | E7: 361 | F7: 217 | G7: 144 | H7: 160 | I7: 118 | J7: 54 | K7: 64 | L7: 80 | M7: 56 | N7: 4 | O7: 72 | P7: 10 | Q7: 62 | R7: 14 | S7: 12 | T7: 1773 | U7: 57 | V7: 18 | W7: 50 | X7: 11 | Y7: 26 | Z7: 13 | AA7: 58 | AB7: 44 | AC7: 17 | AD7: 8 | AE7: 66 | AF7: 85 | AG7: 11 | AH7: 49 | AI7: 25 | AJ7: 179 | AK7: 64 | AL7: 15 | AM7: 4 | AN7: 31 | AO7: 15 | AP7: 96 | AQ7: 70 | AR7: 21 | AS7: 56 | AT7: 19 | AU7: 12 | AV7: 11 | AW7: 3 | AX7: 44 | AY7: 26 | AZ7: 46 | BA7: 63 | BB7: 45 | BC7: 56 | BD7: 74 | BE7: 62 | BF7: 50 | BG7: 63 | BH7: 121 | BI7: 107 | BJ7: 228 | BK7: 31 | BL7: 22
A8: Kyabram | B8: 4 | C8: Home & away | D8: W | E8: 319 | F8: 218 | G8: 101 | H8: 162 | I8: 99 | J8: 40 | K8: 59 | L8: 77 | M8: 46 | N8: 1 | O8: 79 | P8: 17 | Q8: 62 | R8: 15 | S8: 9 | T8: 1503 | U8: 47 | V8: 11 | W8: 45 | X8: 10 | Y8: 23 | Z8: 12 | AA8: 46 | AB8: 36 | AC8: 20 | AD8: 8 | AE8: 46 | AF8: 83 | AG8: 6 | AH8: 51 | AI8: 26 | AJ8: 119 | AK8: 38 | AL8: 13 | AM8: 6 | AN8: 25 | AO8: 11 | AP8: 62 | AQ8: 51 | AR8: 12 | AS8: 41 | AT8: 9 | AU8: 12 | AV8: 11 | AW8: 0 | AX8: 50 | AY8: 23 | AZ8: 52 | BA8: 55 | BB8: 43 | BC8: 50 | BD8: 68 | BE8: 51 | BF8: 56 | BG8: 88 | BH8: 108 | BI8: 69 | BJ8: 177 | BK8: 23 | BL8: 20
A9: Mooroopna | B9: 5 | C9: Home & away | D9: W | E9: 346 | F9: 217 | G9: 129 | H9: 162 | I9: 99 | J9: 26 | K9: 73 | L9: 73 | M9: 42 | N9: 11 | O9: 86 | P9: 22 | Q9: 64 | R9: 17 | S9: 16 | T9: 1729 | U9: 61 | V9: 13 | W9: 47 | X9: 11 | Y9: 26 | Z9: 10 | AA9: 66 | AB9: 23 | AC9: 16 | AD9: 7 | AE9: 36 | AF9: 64 | AG9: 3 | AH9: 30 | AI9: 31 | AJ9: 175 | AK9: 97 | AL9: 9 | AM9: 7 | AN9: 10 | AO9: 23 | AP9: 62 | AQ9: 48 | AR9: 13 | AS9: 40 | AT9: 9 | AU9: 13 | AV9: 21 | AW9: 1 | AX9: 53 | AY9: 35 | AZ9: 37 | BA9: 68 | BB9: 55 | BC9: 60 | BD9: 82 | BE9: 66 | BF9: 83 | BG9: 86 | BH9: 131 | BI9: 106 | BJ9: 237 | BK9: 31 | BL9: 19
A10: Shepparton United | B10: 6 | C10: Home & away | D10: W | E10: 346 | F10: 217 | G10: 129 | H10: 130 | I10: 79 | J10: 28 | K10: 51 | L10: 56 | M10: 46 | N10: 12 | O10: 102 | P10: 13 | Q10: 89 | R10: 16 | S10: 11 | T10: 1650 | U10: 64 | V10: 12 | W10: 49 | X10: 8 | Y10: 25 | Z10: 16 | AA10: 42 | AB10: 34 | AC10: 15 | AD10: 12 | AE10: 35 | AF10: 66 | AG10: 1 | AH10: 44 | AI10: 21 | AJ10: 118 | AK10: 25 | AL10: 6 | AM10: 10 | AN10: 16 | AO10: 2 | AP10: 77 | AQ10: 51 | AR10: 14 | AS10: 56 | AT10: 7 | AU10: 15 | AV10: 6 | AW10: 1 | AX10: 52 | AY10: 22 | AZ10: 68 | BA10: 68 | BB10: 55 | BC10: 65 | BD10: 75 | BE10: 55 | BF10: 47 | BG10: 75 | BH10: 140 | BI10: 97 | BJ10: 237 | BK10: 27 | BL10: 16
A11: Seymour | B11: 7 | C11: Home & away | D11: L | E11: 365 | F11: 224 | G11: 141 | H11: 177 | I11: 115 | J11: 33 | K11: 82 | L11: 85 | M11: 50 | N11: 7 | O11: 78 | P11: 9 | Q11: 69 | R11: 20 | S11: 10 | T11: 1568 | U11: 28 | V11: 6 | W11: 38 | X11: 10 | Y11: 17 | Z11: 11 | AA11: 42 | AB11: 46 | AC11: 22 | AD11: 14 | AE11: 46 | AF11: 93 | AG11: 12 | AH11: 58 | AI11: 23 | AJ11: 134 | AK11: 46 | AL11: 13 | AM11: 12 | AN11: 17 | AO11: 7 | AP11: 63 | AQ11: 41 | AR11: 10 | AS11: 39 | AT11: 14 | AU11: 8 | AV11: 10 | AW11: 0 | AX11: 42 | AY11: 18 | AZ11: 44 | BA11: 71 | BB11: 67 | BC11: 64 | BD11: 80 | BE11: 76 | BF11: 72 | BG11: 86 | BH11: 144 | BI11: 114 | BJ11: 258 | BK11: 29 | BL11: 33
A12: Shepparton Bears | B12: 8 | C12: Home & away | D12: W | E12: 330 | F12: 193 | G12: 137 | H12: 150 | I12: 92 | J12: 37 | K12: 55 | L12: 72 | M12: 55 | N12: 6 | O12: 68 | P12: 15 | Q12: 53 | R12: 13 | S12: 9 | T12: 1404 | U12: 34 | V12: 4 | W12: 41 | X12: 7 | Y12: 19 | Z12: 15 | AA12: 48 | AB12: 29 | AC12: 18 | AD12: 10 | AE12: 42 | AF12: 72 | AG12: 9 | AH12: 38 | AI12: 25 | AJ12: 109 | AK12: 43 | AL12: 10 | AM12: 2 | AN12: 26 | AO12: 6 | AP12: 54 | AQ12: 41 | AR12: 9 | AS12: 37 | AT12: 8 | AU12: 11 | AV12: 12 | AW12: 2 | AX12: 52 | AY12: 25 | AZ12: 44 | BA12: 61 | BB12: 38 | BC12: 50 | BD12: 75 | BE12: 56 | BF12: 59 | BG12: 70 | BH12: 96 | BI12: 104 | BJ12: 200 | BK12: 23 | BL12: 17
A13: Euroa | B13: 9 | C13: Home & away | D13: W | E13: 430 | F13: 256 | G13: 174 | H13: 136 | I13: 99 | J13: 44 | K13: 55 | L13: 88 | M13: 52 | N13: 11 | O13: 126 | P13: 13 | Q13: 113 | R13: 16 | S13: 24 | T13: 1990 | U13: 47 | V13: 12 | W13: 36 | X13: 9 | Y13: 13 | Z13: 14 | AA13: 69 | AB13: 27 | AC13: 14 | AD13: 3 | AE13: 54 | AF13: 69 | AG13: 3 | AH13: 27 | AI13: 39 | AJ13: 118 | AK13: 42 | AL13: 11 | AM13: 4 | AN13: 29 | AO13: 11 | AP13: 61 | AQ13: 51 | AR13: 13 | AS13: 41 | AT13: 7 | AU13: 18 | AV13: 17 | AW13: 0 | AX13: 50 | AY13: 35 | AZ13: 51 | BA13: 74 | BB13: 57 | BC13: 65 | BD13: 87 | BE13: 69 | BF13: 63 | BG13: 67 | BH13: 166 | BI13: 152 | BJ13: 318 | BK13: 25 | BL13: 17
A14: Shepparton Swans | B14: 10 | C14: Home & away | D14: W | E14: 439 | F14: 260 | G14: 179 | H14: 170 | I14: 115 | J14: 38 | K14: 77 | L14: 71 | M14: 31 | N14: 13 | O14: 146 | P14: 31 | Q14: 115 | R14: 22 | S14: 24 | T14: 2050 | U14: 64 | V14: 12 | W14: 41 | X14: 13 | Y14: 18 | Z14: 10 | AA14: 58 | AB14: 26 | AC14: 8 | AD14: 8 | AE14: 42 | AF14: 75 | AG14: 3 | AH14: 41 | AI14: 31 | AJ14: 125 | AK14: 42 | AL14: 17 | AM14: 9 | AN14: 10 | AO14: 9 | AP14: 57 | AQ14: 45 | AR14: 10 | AS14: 43 | AT14: 4 | AU14: 19 | AV14: 9 | AW14: 1 | AX14: 50 | AY14: 29 | AZ14: 65 | BA14: 77 | BB14: 52 | BC14: 72 | BD14: 84 | BE14: 56 | BF14: 58 | BG14: 88 | BH14: 188 | BI14: 152 | BJ14: 340 | BK14: 23 | BL14: 15
A15: Mansfield | B15: 11 | C15: Home & away | D15: W | E15: 380 | F15: 237 | G15: 143 | H15: 175 | I15: 126 | J15: 50 | K15: 76 | L15: 81 | M15: 45 | N15: 10 | O15: 94 | P15: 12 | Q15: 82 | R15: 16 | S15: 11 | T15: 1747 | U15: 45 | V15: 13 | W15: 52 | X15: 5 | Y15: 23 | Z15: 24 | AA15: 53 | AB15: 45 | AC15: 15 | AD15: 10 | AE15: 40 | AF15: 84 | AG15: 6 | AH15: 50 | AI15: 28 | AJ15: 129 | AK15: 49 | AL15: 6 | AM15: 6 | AN15: 19 | AO15: 13 | AP15: 68 | AQ15: 59 | AR15: 13 | AS15: 41 | AT15: 14 | AU15: 10 | AV15: 19 | AW15: 1 | AX15: 56 | AY15: 30 | AZ15: 33 | BA15: 63 | BB15: 51 | BC15: 56 | BD15: 75 | BE15: 62 | BF15: 53 | BG15: 50 | BH15: 133 | BI15: 108 | BJ15: 241 | BK15: 32 | BL15: 24
A16: Benalla | B16: 12 | C16: Home & away | D16: W | E16: 360 | F16: 218 | G16: 142 | H16: 130 | I16: 83 | J16: 29 | K16: 54 | L16: 73 | M16: 46 | N16: 13 | O16: 94 | P16: 11 | Q16: 83 | R16: 10 | S16: 12 | T16: 1484 | U16: 24 | V16: 4 | W16: 35 | X16: 9 | Y16: 16 | Z16: 10 | AA16: 56 | AB16: 29 | AC16: 25 | AD16: 10 | AE16: 42 | AF16: 76 | AG16: 5 | AH16: 39 | AI16: 32 | AJ16: 108 | AK16: 44 | AL16: 10 | AM16: 4 | AN16: 22 | AO16: 6 | AP16: 50 | AQ16: 38 | AR16: 10 | AS16: 31 | AT16: 9 | AU16: 11 | AV16: 9 | AW16: 0 | AX16: 35 | AY16: 20 | AZ16: 55 | BA16: 69 | BB16: 43 | BC16: 60 | BD16: 81 | BE16: 69 | BF16: 76 | BG16: 100 | BH16: 131 | BI16: 116 | BJ16: 247 | BK16: 24 | BL16: 22
... A22: Mooroopna | B22: 18 | C22: Home & away | D22: W | E22: 354 | F22: 240 | G22: 114 | H22: 130 | I22: 71 | J22: 30 | K22: 41 | L22: 72 | M22: 38 | N22: 13 | O22: 139 | P22: 27 | Q22: 112 | R22: 20 | S22: 28 | T22: 1745 | U22: 35 | V22: 6 | W22: 29 | X22: 5 | Y22: 13 | Z22: 11 | AA22: 54 | AB22: 32 | AC22: 16 | AD22: 12 | AE22: 23 | AF22: 63 | AG22: 0 | AH22: 36 | AI22: 27 | AJ22: 117 | AK22: 45 | AL22: 10 | AM22: 5 | AN22: 7 | AO22: 5 | AP22: 57 | AQ22: 43 | AR22: 5 | AS22: 35 | AT22: 17 | AU22: 12 | AV22: 11 | AW22: 1 | AX22: 44 | AY22: 24 | AZ22: 50 | BA22: 75 | BB22: 70 | BC22: 74 | BD22: 78 | BE22: 69 | BF22: 78 | BG22: 92 | BH22: 177 | BI22: 90 | BJ22: 267 | BK22: 20 | BL22: 25
A23: Shepparton Bears | B23: FW1 | C23: Finals | D23: W | E23: 398 | F23: 252 | G23: 146 | H23: 179 | I23: 124 | J23: 39 | K23: 85 | L23: 92 | M23: 40 | N23: 5 | O23: 99 | P23: 15 | Q23: 84 | R23: 20 | S23: 7 | T23: 1934 | U23: 37 | V23: 6 | W23: 45 | X23: 12 | Y23: 21 | Z23: 12 | AA23: 57 | AB23: 45 | AC23: 21 | AD23: 7 | AE23: 84 | AF23: 98 | AG23: 5 | AH23: 61 | AI23: 32 | AJ23: 174 | AK23: 62 | AL23: 12 | AM23: 7 | AN23: 29 | AO23: 7 | AP23: 93 | AQ23: 75 | AR23: 15 | AS23: 59 | AT23: 19 | AU23: 16 | AV23: 3 | AW23: 4 | AX23: 40 | AY23: 23 | AZ23: 69 | BA23: 64 | BB23: 46 | BC23: 56 | BD23: 78 | BE23: 56 | BF23: 49 | BG23: 86 | BH23: 141 | BI23: 115 | BJ23: 256 | BK23: 25 | BL23: 22
A24: Kyabram | B24: FW2 | C24: Finals | D24: W | E24: 375 | F24: 232 | G24: 143 | H24: 146 | I24: 101 | J24: 38 | K24: 63 | L24: 70 | M24: 43 | N24: 9 | O24: 111 | P24: 17 | Q24: 94 | R24: 21 | S24: 15 | T24: 1818 | U24: 45 | V24: 6 | W24: 35 | X24: 10 | Y24: 16 | Z24: 9 | AA24: 56 | AB24: 42 | AC24: 14 | AD24: 10 | AE24: 27 | AF24: 64 | AG24: 4 | AH24: 39 | AI24: 21 | AJ24: 106 | AK24: 31 | AL24: 13 | AM24: 5 | AN24: 7 | AO24: 7 | AP24: 57 | AQ24: 50 | AR24: 9 | AS24: 36 | AT24: 12 | AU24: 19 | AV24: 12 | AW24: 1 | AX24: 57 | AY24: 32 | AZ24: 59 | BA24: 73 | BB24: 63 | BC24: 69 | BD24: 80 | BE24: 63 | BF24: 79 | BG24: 100 | BH24: 160 | BI24: 115 | BJ24: 275 | BK24: 22 | BL24: 33
A25: Shepparton Bears | B25: GF | C25: Finals | D25: W | E25: 376 | F25: 227 | G25: 149 | H25: 143 | I25: 89 | J25: 31 | K25: 58 | L25: 76 | M25: 62 | N25: 9 | O25: 97 | P25: 19 | Q25: 78 | R25: 22 | S25: 23 | T25: 1800 | U25: 34 | V25: 5 | W25: 49 | X25: 14 | Y25: 22 | Z25: 13 | AA25: 53 | AB25: 43 | AC25: 12 | AD25: 12 | AE25: 44 | AF25: 76 | AG25: 4 | AH25: 54 | AI25: 18 | AJ25: 105 | AK25: 33 | AL25: 11 | AM25: 8 | AN25: 20 | AO25: 2 | AP25: 53 | AQ25: 39 | AR25: 9 | AS25: 30 | AT25: 14 | AU25: 21 | AV25: 15 | AW25: 0 | AX25: 67 | AY25: 36 | AZ25: 58 | BA25: 70 | BB25: 75 | BC25: 65 | BD25: 77 | BE25: 65 | BF25: 79 | BG25: 92 | BH25: 148 | BI25: 115 | BJ25: 263 | BK25: 32 | BL25: 34

Sheet Echuca Games Against
A1: Echuca 2026: The opponent's stats in each game against Echuca
A2: Source: Premier Data Team Summary > Match Statistics. Hover a header for its full name.
A4: Opponent | B4: Round | C4: Stage | D4: Result | E4: D | F4: K | G4: HB | H4: CP | I4: TGB | J4: HBG | K4: LBG | L4: IP | M4: GTH | N4: HR | O4: M | P4: CM | Q4: UM | R4: IM | S4: MI50 | T4: RP | U4: HO | V4: HOA | W4: Cl | X4: CC | Y4: BUC | Z4: TIC | AA4: I50 | AB4: R50 | AC4: FF | AD4: KI | AE4: 1% | AF4: TO | AG4: BTO | AH4: MTO | AI4: FTO | AJ4: PR | AK4: PRA | AL4: Ch | AM4: Sm | AN4: Sp | AO4: PRF | AP4: T | AQ4: TE | AR4: FTKL | AS4: MTKL | AT4: BTKL | AU4: G | AV4: B | AW4: RB | AX4: SE% | AY4: SS | AZ4: GA% | BA4: DE% | BB4: I50% | BC4: K% | BD4: H% | BE4: C% | BF4: R50% | BG4: KI% | BH4: KE | BI4: HE | BJ4: ED | BK4: EFFC | BL4: EFFR
A5: Tatura | B5: 1 | C5: Home & away | D5: W | E5: 302 | F5: 201 | G5: 101 | H5: 98 | I5: 58 | J5: 29 | K5: 29 | L5: 50 | M5: 30 | N5: 3 | O5: 118 | P5: 12 | Q5: 106 | R5: 20 | S5: 8 | T5: 1429 | U5: 57 | V5: 8 | W5: 31 | X5: 8 | Y5: 11 | Z5: 12 | AA5: 20 | AB5: 48 | AC5: 14 | AD5: 19 | AE5: 42 | AF5: 63 | AG5: 6 | AH5: 47 | AI5: 10 | AJ5: 111 | AK5: 44 | AL5: 14 | AM5: 3 | AN5: 21 | AO5: 2 | AP5: 50 | AQ5: 29 | AR5: 1 | AS5: 27 | AT5: 22 | AU5: 7 | AV5: 0 | AW5: 0 | AX5: 35 | AY5: 7 | AZ5: 100 | BA5: 75 | BB5: 60 | BC5: 72 | BD5: 81 | BE5: 58 | BF5: 46 | BG5: 63 | BH5: 144 | BI5: 82 | BJ5: 226 | BK5: 18 | BL5: 22
A6: Benalla | B6: 2 | C6: Home & away | D6: W | E6: 285 | F6: 180 | G6: 105 | H6: 143 | I6: 85 | J6: 31 | K6: 54 | L6: 69 | M6: 34 | N6: 5 | O6: 68 | P6: 18 | Q6: 50 | R6: 10 | S6: 6 | T6: 1267 | U6: 72 | V6: 14 | W6: 45 | X6: 8 | Y6: 15 | Z6: 22 | AA6: 28 | AB6: 43 | AC6: 29 | AD6: 17 | AE6: 51 | AF6: 87 | AG6: 7 | AH6: 66 | AI6: 14 | AJ6: 121 | AK6: 53 | AL6: 7 | AM6: 5 | AN6: 28 | AO6: 2 | AP6: 56 | AQ6: 41 | AR6: 2 | AS6: 40 | AT6: 14 | AU6: 6 | AV6: 4 | AW6: 0 | AX6: 35 | AY6: 10 | AZ6: 60 | BA6: 56 | BB6: 50 | BC6: 52 | BD6: 63 | BE6: 44 | BF6: 51 | BG6: 71 | BH6: 94 | BI6: 67 | BJ6: 161 | BK6: 20 | BL6: 22
A7: Rochester | B7: 3 | C7: Home & away | D7: W | E7: 343 | F7: 200 | G7: 143 | H7: 139 | I7: 103 | J7: 50 | K7: 53 | L7: 79 | M7: 49 | N7: 10 | O7: 69 | P7: 9 | Q7: 60 | R7: 15 | S7: 6 | T7: 1570 | U7: 56 | V7: 10 | W7: 41 | X7: 8 | Y7: 21 | Z7: 12 | AA7: 50 | AB7: 46 | AC7: 22 | AD7: 14 | AE7: 56 | AF7: 88 | AG7: 9 | AH7: 51 | AI7: 28 | AJ7: 146 | AK7: 49 | AL7: 10 | AM7: 5 | AN7: 28 | AO7: 11 | AP7: 82 | AQ7: 64 | AR7: 14 | AS7: 49 | AT7: 19 | AU7: 8 | AV7: 5 | AW7: 3 | AX7: 32 | AY7: 16 | AZ7: 50 | BA7: 64 | BB7: 40 | BC7: 56 | BD7: 74 | BE7: 71 | BF7: 54 | BG7: 86 | BH7: 113 | BI7: 107 | BJ7: 220 | BK7: 29 | BL7: 25
A8: Kyabram | B8: 4 | C8: Home & away | D8: W | E8: 323 | F8: 212 | G8: 111 | H8: 162 | I8: 99 | J8: 48 | K8: 51 | L8: 77 | M8: 50 | N8: 1 | O8: 86 | P8: 15 | Q8: 71 | R8: 18 | S8: 12 | T8: 1515 | U8: 72 | V8: 13 | W8: 44 | X8: 10 | Y8: 19 | Z8: 15 | AA8: 47 | AB8: 34 | AC8: 18 | AD8: 11 | AE8: 40 | AF8: 80 | AG8: 7 | AH8: 47 | AI8: 26 | AJ8: 96 | AK8: 31 | AL8: 6 | AM8: 5 | AN8: 24 | AO8: 6 | AP8: 54 | AQ8: 41 | AR8: 10 | AS8: 36 | AT8: 8 | AU8: 11 | AV8: 4 | AW8: 4 | AX8: 40 | AY8: 19 | AZ8: 57 | BA8: 60 | BB8: 53 | BC8: 56 | BD8: 67 | BE8: 55 | BF8: 50 | BG8: 82 | BH8: 119 | BI8: 75 | BJ8: 194 | BK8: 24 | BL8: 17
A9: Mooroopna | B9: 5 | C9: Home & away | D9: W | E9: 333 | F9: 194 | G9: 139 | H9: 131 | I9: 70 | J9: 26 | K9: 44 | L9: 62 | M9: 47 | N9: 8 | O9: 83 | P9: 18 | Q9: 65 | R9: 19 | S9: 10 | T9: 1531 | U9: 64 | V9: 16 | W9: 59 | X9: 10 | Y9: 29 | Z9: 20 | AA9: 33 | AB9: 53 | AC9: 15 | AD9: 21 | AE9: 34 | AF9: 77 | AG9: 8 | AH9: 53 | AI9: 16 | AJ9: 135 | AK9: 62 | AL9: 8 | AM9: 4 | AN9: 17 | AO9: 6 | AP9: 61 | AQ9: 49 | AR9: 7 | AS9: 30 | AT9: 24 | AU9: 8 | AV9: 9 | AW9: 0 | AX9: 51 | AY9: 17 | AZ9: 47 | BA9: 62 | BB9: 45 | BC9: 51 | BD9: 79 | BE9: 59 | BF9: 45 | BG9: 67 | BH9: 98 | BI9: 110 | BJ9: 208 | BK9: 35 | BL9: 24
A10: Shepparton United | B10: 6 | C10: Home & away | D10: W | E10: 344 | F10: 234 | G10: 110 | H10: 133 | I10: 79 | J10: 29 | K10: 50 | L10: 65 | M10: 36 | N10: 2 | O10: 126 | P10: 20 | Q10: 106 | R10: 19 | S10: 14 | T10: 1585 | U10: 44 | V10: 6 | W10: 40 | X10: 6 | Y10: 22 | Z10: 12 | AA10: 42 | AB10: 27 | AC10: 18 | AD10: 7 | AE10: 28 | AF10: 64 | AG10: 5 | AH10: 43 | AI10: 16 | AJ10: 88 | AK10: 18 | AL10: 4 | AM10: 6 | AN10: 15 | AO10: 1 | AP10: 60 | AQ10: 39 | AR10: 1 | AS10: 36 | AT10: 23 | AU10: 8 | AV10: 7 | AW10: 5 | AX10: 47 | AY10: 20 | AZ10: 40 | BA10: 68 | BB10: 45 | BC10: 62 | BD10: 82 | BE10: 53 | BF10: 56 | BG10: 71 | BH10: 144 | BI10: 91 | BJ10: 235 | BK10: 21 | BL10: 15
A11: Seymour | B11: 7 | C11: Home & away | D11: L | E11: 362 | F11: 225 | G11: 137 | H11: 171 | I11: 111 | J11: 29 | K11: 82 | L11: 88 | M11: 43 | N11: 11 | O11: 80 | P11: 7 | Q11: 73 | R11: 18 | S11: 11 | T11: 1615 | U11: 63 | V11: 10 | W11: 50 | X11: 11 | Y11: 22 | Z11: 17 | AA11: 64 | AB11: 34 | AC11: 27 | AD11: 10 | AE11: 31 | AF11: 89 | AG11: 4 | AH11: 52 | AI11: 33 | AJ11: 120 | AK11: 62 | AL11: 5 | AM11: 5 | AN11: 14 | AO11: 9 | AP11: 48 | AQ11: 37 | AR11: 8 | AS11: 33 | AT11: 7 | AU11: 13 | AV11: 8 | AW11: 6 | AX11: 42 | AY11: 27 | AZ11: 48 | BA11: 67 | BB11: 56 | BC11: 58 | BD11: 81 | BE11: 50 | BF11: 41 | BG11: 70 | BH11: 131 | BI11: 112 | BJ11: 243 | BK11: 25 | BL11: 14
A12: Shepparton Bears | B12: 8 | C12: Home & away | D12: W | E12: 330 | F12: 210 | G12: 120 | H12: 150 | I12: 84 | J12: 29 | K12: 55 | L12: 71 | M12: 57 | N12: 10 | O12: 82 | P12: 17 | Q12: 65 | R12: 12 | S12: 8 | T12: 1458 | U12: 73 | V12: 15 | W12: 45 | X12: 13 | Y12: 20 | Z12: 12 | AA12: 38 | AB12: 37 | AC12: 27 | AD12: 14 | AE12: 40 | AF12: 78 | AG12: 4 | AH12: 52 | AI12: 22 | AJ12: 106 | AK12: 39 | AL12: 8 | AM12: 8 | AN12: 14 | AO12: 4 | AP12: 51 | AQ12: 40 | AR12: 8 | AS12: 33 | AT12: 10 | AU12: 10 | AV12: 7 | AW12: 3 | AX12: 52 | AY12: 20 | AZ12: 50 | BA12: 58 | BB12: 26 | BC12: 51 | BD12: 70 | BE12: 62 | BF12: 54 | BG12: 71 | BH12: 107 | BI12: 84 | BJ12: 191 | BK12: 28 | BL12: 20
A13: Euroa | B13: 9 | C13: Home & away | D13: W | E13: 292 | F13: 175 | G13: 117 | H13: 114 | I13: 69 | J13: 31 | K13: 38 | L13: 66 | M13: 31 | N13: 12 | O13: 79 | P13: 8 | Q13: 71 | R13: 21 | S13: 4 | T13: 1269 | U13: 40 | V13: 9 | W13: 39 | X13: 17 | Y13: 16 | Z13: 6 | AA13: 34 | AB13: 52 | AC13: 28 | AD13: 17 | AE13: 41 | AF13: 91 | AG13: 8 | AH13: 59 | AI13: 24 | AJ13: 136 | AK13: 66 | AL13: 19 | AM13: 2 | AN13: 12 | AO13: 10 | AP13: 49 | AQ13: 32 | AR13: 4 | AS13: 31 | AT13: 14 | AU13: 6 | AV13: 1 | AW13: 3 | AX13: 29 | AY13: 10 | AZ13: 60 | BA13: 60 | BB13: 29 | BC13: 53 | BD13: 70 | BE13: 64 | BF13: 50 | BG13: 59 | BH13: 92 | BI13: 83 | BJ13: 175 | BK13: 25 | BL13: 26
A14: Shepparton Swans | B14: 10 | C14: Home & away | D14: W | E14: 335 | F14: 202 | G14: 133 | H14: 132 | I14: 92 | J14: 42 | K14: 50 | L14: 74 | M14: 40 | N14: 8 | O14: 87 | P14: 7 | Q14: 80 | R14: 10 | S14: 3 | T14: 1443 | U14: 35 | V14: 8 | W14: 37 | X14: 11 | Y14: 16 | Z14: 10 | AA14: 33 | AB14: 39 | AC14: 21 | AD14: 10 | AE14: 44 | AF14: 75 | AG14: 5 | AH14: 55 | AI14: 15 | AJ14: 130 | AK14: 59 | AL14: 13 | AM14: 3 | AN14: 16 | AO14: 12 | AP14: 55 | AQ14: 37 | AR14: 10 | AS14: 37 | AT14: 8 | AU14: 7 | AV14: 7 | AW14: 1 | AX14: 45 | AY14: 15 | AZ14: 46 | BA14: 65 | BB14: 36 | BC14: 60 | BD14: 71 | BE14: 59 | BF14: 74 | BG14: 80 | BH14: 122 | BI14: 95 | BJ14: 217 | BK14: 22 | BL14: 29
A15: Mansfield | B15: 11 | C15: Home & away | D15: W | E15: 308 | F15: 197 | G15: 111 | H15: 154 | I15: 103 | J15: 38 | K15: 65 | L15: 81 | M15: 29 | N15: 4 | O15: 57 | P15: 15 | Q15: 42 | R15: 19 | S15: 8 | T15: 1467 | U15: 77 | V15: 21 | W15: 55 | X15: 14 | Y15: 23 | Z15: 18 | AA15: 51 | AB15: 41 | AC15: 25 | AD15: 20 | AE15: 34 | AF15: 88 | AG15: 9 | AH15: 48 | AI15: 31 | AJ15: 128 | AK15: 39 | AL15: 6 | AM15: 6 | AN15: 15 | AO15: 12 | AP15: 77 | AQ15: 64 | AR15: 16 | AS15: 42 | AT15: 19 | AU15: 8 | AV15: 9 | AW15: 1 | AX15: 35 | AY15: 18 | AZ15: 44 | BA15: 53 | BB15: 33 | BC15: 41 | BD15: 73 | BE15: 64 | BF15: 46 | BG15: 75 | BH15: 81 | BI15: 82 | BJ15: 163 | BK15: 35 | BL15: 19
A16: Benalla | B16: 12 | C16: Home & away | D16: W | E16: 345 | F16: 227 | G16: 118 | H16: 129 | I16: 75 | J16: 25 | K16: 50 | L16: 75 | M16: 39 | N16: 6 | O16: 128 | P16: 18 | Q16: 110 | R16: 24 | S16: 11 | T16: 1547 | U16: 52 | V16: 7 | W16: 34 | X16: 10 | Y16: 11 | Z16: 13 | AA16: 38 | AB16: 44 | AC16: 30 | AD16: 9 | AE16: 40 | AF16: 75 | AG16: 6 | AH16: 49 | AI16: 20 | AJ16: 90 | AK16: 44 | AL16: 10 | AM16: 4 | AN16: 18 | AO16: 5 | AP16: 32 | AQ16: 24 | AR16: 6 | AS16: 22 | AT16: 4 | AU16: 9 | AV16: 6 | AW16: 4 | AX16: 50 | AY16: 19 | AZ16: 47 | BA16: 67 | BB16: 47 | BC16: 64 | BD16: 72 | BE16: 76 | BF16: 68 | BG16: 89 | BH16: 146 | BI16: 86 | BJ16: 232 | BK16: 26 | BL16: 30
... A22: Mooroopna | B22: 18 | C22: Home & away | D22: W | E22: 331 | F22: 195 | G22: 136 | H22: 122 | I22: 74 | J22: 30 | K22: 44 | L22: 61 | M22: 53 | N22: 7 | O22: 71 | P22: 7 | Q22: 64 | R22: 11 | S22: 10 | T22: 1380 | U22: 42 | V22: 13 | W22: 45 | X22: 13 | Y22: 16 | Z22: 16 | AA22: 40 | AB22: 43 | AC22: 18 | AD22: 12 | AE22: 43 | AF22: 75 | AG22: 5 | AH22: 53 | AI22: 17 | AJ22: 113 | AK22: 46 | AL22: 14 | AM22: 5 | AN22: 20 | AO22: 8 | AP22: 48 | AQ22: 30 | AR22: 5 | AS22: 35 | AT22: 8 | AU22: 6 | AV22: 10 | AW22: 2 | AX22: 45 | AY22: 18 | AZ22: 33 | BA22: 68 | BB22: 58 | BC22: 55 | BD22: 86 | BE22: 73 | BF22: 65 | BG22: 67 | BH22: 108 | BI22: 118 | BJ22: 226 | BK22: 33 | BL22: 28
A23: Shepparton Bears | B23: FW1 | C23: Finals | D23: W | E23: 352 | F23: 215 | G23: 137 | H23: 167 | I23: 109 | J23: 32 | K23: 77 | L23: 92 | M23: 57 | N23: 2 | O23: 72 | P23: 13 | Q23: 59 | R23: 20 | S23: 10 | T23: 1714 | U23: 79 | V23: 19 | W23: 45 | X23: 14 | Y23: 20 | Z23: 11 | AA23: 56 | AB23: 42 | AC23: 16 | AD23: 7 | AE23: 83 | AF23: 99 | AG23: 6 | AH23: 54 | AI23: 39 | AJ23: 165 | AK23: 72 | AL23: 7 | AM23: 5 | AN23: 47 | AO23: 14 | AP23: 81 | AQ23: 62 | AR23: 17 | AS23: 47 | AT23: 17 | AU23: 11 | AV23: 5 | AW23: 2 | AX23: 32 | AY23: 18 | AZ23: 61 | BA23: 59 | BB23: 38 | BC23: 49 | BD23: 74 | BE23: 62 | BF23: 48 | BG23: 86 | BH23: 105 | BI23: 102 | BJ23: 207 | BK23: 28 | BL23: 20
A24: Kyabram | B24: FW2 | C24: Finals | D24: W | E24: 364 | F24: 229 | G24: 135 | H24: 133 | I24: 89 | J24: 26 | K24: 63 | L24: 59 | M24: 46 | N24: 14 | O24: 103 | P24: 10 | Q24: 93 | R24: 14 | S24: 11 | T24: 1586 | U24: 39 | V24: 12 | W24: 43 | X24: 13 | Y24: 18 | Z24: 12 | AA24: 52 | AB24: 38 | AC24: 15 | AD24: 13 | AE24: 38 | AF24: 75 | AG24: 0 | AH24: 40 | AI24: 35 | AJ24: 100 | AK24: 39 | AL24: 6 | AM24: 4 | AN24: 19 | AO24: 5 | AP24: 51 | AQ24: 37 | AR24: 6 | AS24: 37 | AT24: 8 | AU24: 8 | AV24: 11 | AW24: 0 | AX24: 36 | AY24: 19 | AZ24: 42 | BA24: 70 | BB24: 40 | BC24: 61 | BD24: 83 | BE24: 58 | BF24: 61 | BG24: 69 | BH24: 140 | BI24: 113 | BJ24: 253 | BK24: 25 | BL24: 23
A25: Shepparton Bears | B25: GF | C25: Finals | D25: W | E25: 288 | F25: 193 | G25: 95 | H25: 135 | I25: 78 | J25: 27 | K25: 51 | L25: 71 | M25: 42 | N25: 9 | O25: 71 | P25: 18 | Q25: 53 | R25: 16 | S25: 10 | T25: 1345 | U25: 68 | V25: 19 | W25: 36 | X25: 13 | Y25: 11 | Z25: 12 | AA25: 51 | AB25: 32 | AC25: 20 | AD25: 15 | AE25: 33 | AF25: 86 | AG25: 6 | AH25: 49 | AI25: 31 | AJ25: 115 | AK25: 53 | AL25: 5 | AM25: 4 | AN25: 19 | AO25: 10 | AP25: 53 | AQ25: 45 | AR25: 12 | AS25: 33 | AT25: 8 | AU25: 8 | AV25: 6 | AW25: 6 | AX25: 39 | AY25: 20 | AZ25: 40 | BA25: 60 | BB25: 43 | BC25: 51 | BD25: 77 | BE25: 42 | BF25: 59 | BG25: 80 | BH25: 99 | BI25: 74 | BJ25: 173 | BK25: 15 | BL25: 19

Sheet Echuca Games Diff
A1: Echuca 2026: differential in each game (own stat minus opponent's stat)
A2: Formulas: For sheet minus Against sheet. Positive = more than the opponent.
A4: Opponent | B4: Round | C4: Stage | D4: Result | E4: D | F4: K | G4: HB | H4: CP | I4: TGB | J4: HBG | K4: LBG | L4: IP | M4: GTH | N4: HR | O4: M | P4: CM | Q4: UM | R4: IM | S4: MI50 | T4: RP | U4: HO | V4: HOA | W4: Cl | X4: CC | Y4: BUC | Z4: TIC | AA4: I50 | AB4: R50 | AC4: FF | AD4: KI | AE4: 1% | AF4: TO | AG4: BTO | AH4: MTO | AI4: FTO | AJ4: PR | AK4: PRA | AL4: Ch | AM4: Sm | AN4: Sp | AO4: PRF | AP4: T | AQ4: TE | AR4: FTKL | AS4: MTKL | AT4: BTKL | AU4: G | AV4: B | AW4: RB | AX4: SE% | AY4: SS | AZ4: GA% | BA4: DE% | BB4: I50% | BC4: K% | BD4: H% | BE4: C% | BF4: R50% | BG4: KI% | BH4: KE | BI4: HE | BJ4: ED | BK4: EFFC | BL4: EFFR
A5: ='Echuca Games For'!A5 -> Tatura | B5: ='Echuca Games For'!B5 -> 1 | C5: ='Echuca Games For'!C5 -> Home & away | D5: ='Echuca Games For'!D5 -> W | E5: ='Echuca Games For'!E5-'Echuca Games Against'!E5 -> 73 | F5: ='Echuca Games For'!F5-'Echuca Games Against'!F5 -> 18 | G5: ='Echuca Games For'!G5-'Echuca Games Against'!G5 -> 55 | H5: ='Echuca Games For'!H5-'Echuca Games Against'!H5 -> 54 | I5: ='Echuca Games For'!I5-'Echuca Games Against'!I5 -> 38 | J5: ='Echuca Games For'!J5-'Echuca Games Against'!J5 -> 5 | K5: ='Echuca Games For'!K5-'Echuca Games Against'!K5 -> 33 | L5: ='Echuca Games For'!L5-'Echuca Games Against'!L5 -> 9 | ... BL5: ='Echuca Games For'!BL5-'Echuca Games Against'!BL5 -> -15
A6: ='Echuca Games For'!A6 -> Benalla | B6: ='Echuca Games For'!B6 -> 2 | C6: ='Echuca Games For'!C6 -> Home & away | D6: ='Echuca Games For'!D6 -> W | E6: ='Echuca Games For'!E6-'Echuca Games Against'!E6 -> 112 | F6: ='Echuca Games For'!F6-'Echuca Games Against'!F6 -> 86 | G6: ='Echuca Games For'!G6-'Echuca Games Against'!G6 -> 26 | H6: ='Echuca Games For'!H6-'Echuca Games Against'!H6 -> 6 | I6: ='Echuca Games For'!I6-'Echuca Games Against'!I6 -> 7 | J6: ='Echuca Games For'!J6-'Echuca Games Against'!J6 -> -1 | K6: ='Echuca Games For'!K6-'Echuca Games Against'!K6 -> 8 | L6: ='Echuca Games For'!L6-'Echuca Games Against'!L6 -> 10 | ... BL6: ='Echuca Games For'!BL6-'Echuca Games Against'!BL6 -> -4
A7: ='Echuca Games For'!A7 -> Rochester | B7: ='Echuca Games For'!B7 -> 3 | C7: ='Echuca Games For'!C7 -> Home & away | D7: ='Echuca Games For'!D7 -> W | E7: ='Echuca Games For'!E7-'Echuca Games Against'!E7 -> 18 | F7: ='Echuca Games For'!F7-'Echuca Games Against'!F7 -> 17 | G7: ='Echuca Games For'!G7-'Echuca Games Against'!G7 -> 1 | H7: ='Echuca Games For'!H7-'Echuca Games Against'!H7 -> 21 | I7: ='Echuca Games For'!I7-'Echuca Games Against'!I7 -> 15 | J7: ='Echuca Games For'!J7-'Echuca Games Against'!J7 -> 4 | K7: ='Echuca Games For'!K7-'Echuca Games Against'!K7 -> 11 | L7: ='Echuca Games For'!L7-'Echuca Games Against'!L7 -> 1 | ... BL7: ='Echuca Games For'!BL7-'Echuca Games Against'!BL7 -> -3
A8: ='Echuca Games For'!A8 -> Kyabram | B8: ='Echuca Games For'!B8 -> 4 | C8: ='Echuca Games For'!C8 -> Home & away | D8: ='Echuca Games For'!D8 -> W | E8: ='Echuca Games For'!E8-'Echuca Games Against'!E8 -> -4 | F8: ='Echuca Games For'!F8-'Echuca Games Against'!F8 -> 6 | G8: ='Echuca Games For'!G8-'Echuca Games Against'!G8 -> -10 | H8: ='Echuca Games For'!H8-'Echuca Games Against'!H8 -> 0 | I8: ='Echuca Games For'!I8-'Echuca Games Against'!I8 -> 0 | J8: ='Echuca Games For'!J8-'Echuca Games Against'!J8 -> -8 | K8: ='Echuca Games For'!K8-'Echuca Games Against'!K8 -> 8 | L8: ='Echuca Games For'!L8-'Echuca Games Against'!L8 -> 0 | ... BL8: ='Echuca Games For'!BL8-'Echuca Games Against'!BL8 -> 3
A9: ='Echuca Games For'!A9 -> Mooroopna | B9: ='Echuca Games For'!B9 -> 5 | C9: ='Echuca Games For'!C9 -> Home & away | D9: ='Echuca Games For'!D9 -> W | E9: ='Echuca Games For'!E9-'Echuca Games Against'!E9 -> 13 | F9: ='Echuca Games For'!F9-'Echuca Games Against'!F9 -> 23 | G9: ='Echuca Games For'!G9-'Echuca Games Against'!G9 -> -10 | H9: ='Echuca Games For'!H9-'Echuca Games Against'!H9 -> 31 | I9: ='Echuca Games For'!I9-'Echuca Games Against'!I9 -> 29 | J9: ='Echuca Games For'!J9-'Echuca Games Against'!J9 -> 0 | K9: ='Echuca Games For'!K9-'Echuca Games Against'!K9 -> 29 | L9: ='Echuca Games For'!L9-'Echuca Games Against'!L9 -> 11 | ... BL9: ='Echuca Games For'!BL9-'Echuca Games Against'!BL9 -> -5
A10: ='Echuca Games For'!A10 -> Shepparton United | B10: ='Echuca Games For'!B10 -> 6 | C10: ='Echuca Games For'!C10 -> Home & away | D10: ='Echuca Games For'!D10 -> W | E10: ='Echuca Games For'!E10-'Echuca Games Against'!E10 -> 2 | F10: ='Echuca Games For'!F10-'Echuca Games Against'!F10 -> -17 | G10: ='Echuca Games For'!G10-'Echuca Games Against'!G10 -> 19 | H10: ='Echuca Games For'!H10-'Echuca Games Against'!H10 -> -3 | I10: ='Echuca Games For'!I10-'Echuca Games Against'!I10 -> 0 | J10: ='Echuca Games For'!J10-'Echuca Games Against'!J10 -> -1 | K10: ='Echuca Games For'!K10-'Echuca Games Against'!K10 -> 1 | L10: ='Echuca Games For'!L10-'Echuca Games Against'!L10 -> -9 | ... BL10: ='Echuca Games For'!BL10-'Echuca Games Against'!BL10 -> 1
A11: ='Echuca Games For'!A11 -> Seymour | B11: ='Echuca Games For'!B11 -> 7 | C11: ='Echuca Games For'!C11 -> Home & away | D11: ='Echuca Games For'!D11 -> L | E11: ='Echuca Games For'!E11-'Echuca Games Against'!E11 -> 3 | F11: ='Echuca Games For'!F11-'Echuca Games Against'!F11 -> -1 | G11: ='Echuca Games For'!G11-'Echuca Games Against'!G11 -> 4 | H11: ='Echuca Games For'!H11-'Echuca Games Against'!H11 -> 6 | I11: ='Echuca Games For'!I11-'Echuca Games Against'!I11 -> 4 | J11: ='Echuca Games For'!J11-'Echuca Games Against'!J11 -> 4 | K11: ='Echuca Games For'!K11-'Echuca Games Against'!K11 -> 0 | L11: ='Echuca Games For'!L11-'Echuca Games Against'!L11 -> -3 | ... BL11: ='Echuca Games For'!BL11-'Echuca Games Against'!BL11 -> 19
A12: ='Echuca Games For'!A12 -> Shepparton Bears | B12: ='Echuca Games For'!B12 -> 8 | C12: ='Echuca Games For'!C12 -> Home & away | D12: ='Echuca Games For'!D12 -> W | E12: ='Echuca Games For'!E12-'Echuca Games Against'!E12 -> 0 | F12: ='Echuca Games For'!F12-'Echuca Games Against'!F12 -> -17 | G12: ='Echuca Games For'!G12-'Echuca Games Against'!G12 -> 17 | H12: ='Echuca Games For'!H12-'Echuca Games Against'!H12 -> 0 | I12: ='Echuca Games For'!I12-'Echuca Games Against'!I12 -> 8 | J12: ='Echuca Games For'!J12-'Echuca Games Against'!J12 -> 8 | K12: ='Echuca Games For'!K12-'Echuca Games Against'!K12 -> 0 | L12: ='Echuca Games For'!L12-'Echuca Games Against'!L12 -> 1 | ... BL12: ='Echuca Games For'!BL12-'Echuca Games Against'!BL12 -> -3
A13: ='Echuca Games For'!A13 -> Euroa | B13: ='Echuca Games For'!B13 -> 9 | C13: ='Echuca Games For'!C13 -> Home & away | D13: ='Echuca Games For'!D13 -> W | E13: ='Echuca Games For'!E13-'Echuca Games Against'!E13 -> 138 | F13: ='Echuca Games For'!F13-'Echuca Games Against'!F13 -> 81 | G13: ='Echuca Games For'!G13-'Echuca Games Against'!G13 -> 57 | H13: ='Echuca Games For'!H13-'Echuca Games Against'!H13 -> 22 | I13: ='Echuca Games For'!I13-'Echuca Games Against'!I13 -> 30 | J13: ='Echuca Games For'!J13-'Echuca Games Against'!J13 -> 13 | K13: ='Echuca Games For'!K13-'Echuca Games Against'!K13 -> 17 | L13: ='Echuca Games For'!L13-'Echuca Games Against'!L13 -> 22 | ... BL13: ='Echuca Games For'!BL13-'Echuca Games Against'!BL13 -> -9
A14: ='Echuca Games For'!A14 -> Shepparton Swans | B14: ='Echuca Games For'!B14 -> 10 | C14: ='Echuca Games For'!C14 -> Home & away | D14: ='Echuca Games For'!D14 -> W | E14: ='Echuca Games For'!E14-'Echuca Games Against'!E14 -> 104 | F14: ='Echuca Games For'!F14-'Echuca Games Against'!F14 -> 58 | G14: ='Echuca Games For'!G14-'Echuca Games Against'!G14 -> 46 | H14: ='Echuca Games For'!H14-'Echuca Games Against'!H14 -> 38 | I14: ='Echuca Games For'!I14-'Echuca Games Against'!I14 -> 23 | J14: ='Echuca Games For'!J14-'Echuca Games Against'!J14 -> -4 | K14: ='Echuca Games For'!K14-'Echuca Games Against'!K14 -> 27 | L14: ='Echuca Games For'!L14-'Echuca Games Against'!L14 -> -3 | ... BL14: ='Echuca Games For'!BL14-'Echuca Games Against'!BL14 -> -14
A15: ='Echuca Games For'!A15 -> Mansfield | B15: ='Echuca Games For'!B15 -> 11 | C15: ='Echuca Games For'!C15 -> Home & away | D15: ='Echuca Games For'!D15 -> W | E15: ='Echuca Games For'!E15-'Echuca Games Against'!E15 -> 72 | F15: ='Echuca Games For'!F15-'Echuca Games Against'!F15 -> 40 | G15: ='Echuca Games For'!G15-'Echuca Games Against'!G15 -> 32 | H15: ='Echuca Games For'!H15-'Echuca Games Against'!H15 -> 21 | I15: ='Echuca Games For'!I15-'Echuca Games Against'!I15 -> 23 | J15: ='Echuca Games For'!J15-'Echuca Games Against'!J15 -> 12 | K15: ='Echuca Games For'!K15-'Echuca Games Against'!K15 -> 11 | L15: ='Echuca Games For'!L15-'Echuca Games Against'!L15 -> 0 | ... BL15: ='Echuca Games For'!BL15-'Echuca Games Against'!BL15 -> 5
A16: ='Echuca Games For'!A16 -> Benalla | B16: ='Echuca Games For'!B16 -> 12 | C16: ='Echuca Games For'!C16 -> Home & away | D16: ='Echuca Games For'!D16 -> W | E16: ='Echuca Games For'!E16-'Echuca Games Against'!E16 -> 15 | F16: ='Echuca Games For'!F16-'Echuca Games Against'!F16 -> -9 | G16: ='Echuca Games For'!G16-'Echuca Games Against'!G16 -> 24 | H16: ='Echuca Games For'!H16-'Echuca Games Against'!H16 -> 1 | I16: ='Echuca Games For'!I16-'Echuca Games Against'!I16 -> 8 | J16: ='Echuca Games For'!J16-'Echuca Games Against'!J16 -> 4 | K16: ='Echuca Games For'!K16-'Echuca Games Against'!K16 -> 4 | L16: ='Echuca Games For'!L16-'Echuca Games Against'!L16 -> -2 | ... BL16: ='Echuca Games For'!BL16-'Echuca Games Against'!BL16 -> -8
... A25: ='Echuca Games For'!A25 -> Shepparton Bears | B25: ='Echuca Games For'!B25 -> GF | C25: ='Echuca Games For'!C25 -> Finals | D25: ='Echuca Games For'!D25 -> W | E25: ='Echuca Games For'!E25-'Echuca Games Against'!E25 -> 88 | F25: ='Echuca Games For'!F25-'Echuca Games Against'!F25 -> 34 | G25: ='Echuca Games For'!G25-'Echuca Games Against'!G25 -> 54 | H25: ='Echuca Games For'!H25-'Echuca Games Against'!H25 -> 8 | I25: ='Echuca Games For'!I25-'Echuca Games Against'!I25 -> 11 | J25: ='Echuca Games For'!J25-'Echuca Games Against'!J25 -> 4 | K25: ='Echuca Games For'!K25-'Echuca Games Against'!K25 -> 7 | L25: ='Echuca Games For'!L25-'Echuca Games Against'!L25 -> 5 | ... BL25: ='Echuca Games For'!BL25-'Echuca Games Against'!BL25 -> 15

Sheet United vs Each Opponent
A1: Shepparton United: average stats against each opponent (all 2026 games including finals)
A2: Three blocks: own average, opponent's average, and the difference. Blue = better than the opponent, red = worse (uses the 'Higher is better?' setting; '?' stats are not shaded).
D4: Own average | P4: Opponent average | AB4: Difference (own - opponent)
A5: Stat | B5: Stat name | C5: Higher is better? | D5: Benalla | E5: Echuca | F5: Euroa | G5: Kyabram | H5: Mansfield | I5: Mooroopna | J5: Rochester | K5: Seymour | L5: Shepparton Bears | M5: Shepparton Swans | N5: Tatura | P5: Benalla | Q5: Echuca | R5: Euroa | S5: Kyabram | T5: Mansfield | U5: Mooroopna | V5: Rochester | W5: Seymour | X5: Shepparton Bears | Y5: Shepparton Swans | Z5: Tatura | AB5: Benalla | AC5: Echuca | AD5: Euroa | AE5: Kyabram | AF5: Mansfield | AG5: Mooroopna | AH5: Rochester | AI5: Seymour | AJ5: Shepparton Bears | AK5: Shepparton Swans | AL5: Tatura
B6: Games played vs this opponent | D6: =COUNTIF('United Games For'!$A$5:$A$22,D$5) -> 1 | E6: =COUNTIF('United Games For'!$A$5:$A$22,E$5) -> 2 | F6: =COUNTIF('United Games For'!$A$5:$A$22,F$5) -> 2 | G6: =COUNTIF('United Games For'!$A$5:$A$22,G$5) -> 1 | H6: =COUNTIF('United Games For'!$A$5:$A$22,H$5) -> 2 | I6: =COUNTIF('United Games For'!$A$5:$A$22,I$5) -> 2 | J6: =COUNTIF('United Games For'!$A$5:$A$22,J$5) -> 1 | K6: =COUNTIF('United Games For'!$A$5:$A$22,K$5) -> 1 | ... N6: =COUNTIF('United Games For'!$A$5:$A$22,N$5) -> 2
A7: D | B7: Disposals | C7: Y | D7: =AVERAGEIF('United Games For'!$A$5:$A$22,D$5,'United Games For'!E$5:E$22) -> 406 | E7: =AVERAGEIF('United Games For'!$A$5:$A$22,E$5,'United Games For'!E$5:E$22) -> 322.5 | F7: =AVERAGEIF('United Games For'!$A$5:$A$22,F$5,'United Games For'!E$5:E$22) -> 322 | G7: =AVERAGEIF('United Games For'!$A$5:$A$22,G$5,'United Games For'!E$5:E$22) -> 359 | H7: =AVERAGEIF('United Games For'!$A$5:$A$22,H$5,'United Games For'!E$5:E$22) -> 356.5 | I7: =AVERAGEIF('United Games For'!$A$5:$A$22,I$5,'United Games For'!E$5:E$22) -> 339.5 | J7: =AVERAGEIF('United Games For'!$A$5:$A$22,J$5,'United Games For'!E$5:E$22) -> 311 | K7: =AVERAGEIF('United Games For'!$A$5:$A$22,K$5,'United Games For'!E$5:E$22) -> 356 | L7: =AVERAGEIF('United Games For'!$A$5:$A$22,L$5,'United Games For'!E$5:E$22) -> 305.5 | M7: =AVERAGEIF('United Games For'!$A$5:$A$22,M$5,'United Games For'!E$5:E$22) -> 353 | N7: =AVERAGEIF('United Games For'!$A$5:$A$22,N$5,'United Games For'!E$5:E$22) -> 432.5 | P7: =AVERAGEIF('United Games Against'!$A$5:$A$22,D$5,'United Games Against'!E$5:E$22) -> 266 | Q7: =AVERAGEIF('United Games Against'!$A$5:$A$22,E$5,'United Games Against'!E$5:E$22) -> 379.5 | R7: =AVERAGEIF('United Games Against'!$A$5:$A$22,F$5,'United Games Against'!E$5:E$22) -> 291.5 | S7: =AVERAGEIF('United Games Against'!$A$5:$A$22,G$5,'United Games Against'!E$5:E$22) -> 327 | T7: =AVERAGEIF('United Games Against'!$A$5:$A$22,H$5,'United Games Against'!E$5:E$22) -> 302.5 | U7: =AVERAGEIF('United Games Against'!$A$5:$A$22,I$5,'United Games Against'!E$5:E$22) -> 318.5 | V7: =AVERAGEIF('United Games Against'!$A$5:$A$22,J$5,'United Games Against'!E$5:E$22) -> 331 | W7: =AVERAGEIF('United Games Against'!$A$5:$A$22,K$5,'United Games Against'!E$5:E$22) -> 275 | X7: =AVERAGEIF('United Games Against'!$A$5:$A$22,L$5,'United Games Against'!E$5:E$22) -> 338 | Y7: =AVERAGEIF('United Games Against'!$A$5:$A$22,M$5,'United Games Against'!E$5:E$22) -> 339.5 | Z7: =AVERAGEIF('United Games Against'!$A$5:$A$22,N$5,'United Games Against'!E$5:E$22) -> 290 | AB7: =D7-P7 -> 140 | AC7: =E7-Q7 -> -57 | AD7: =F7-R7 -> 30.5 | AE7: =G7-S7 -> 32 | AF7: =H7-T7 -> 54 | AG7: =I7-U7 -> 21 | AH7: =J7-V7 -> -20 | AI7: =K7-W7 -> 81 | ... AL7: =N7-Z7 -> 142.5
A8: K | B8: Kicks | C8: Y | D8: =AVERAGEIF('United Games For'!$A$5:$A$22,D$5,'United Games For'!F$5:F$22) -> 262 | E8: =AVERAGEIF('United Games For'!$A$5:$A$22,E$5,'United Games For'!F$5:F$22) -> 208.5 | F8: =AVERAGEIF('United Games For'!$A$5:$A$22,F$5,'United Games For'!F$5:F$22) -> 215 | G8: =AVERAGEIF('United Games For'!$A$5:$A$22,G$5,'United Games For'!F$5:F$22) -> 219 | H8: =AVERAGEIF('United Games For'!$A$5:$A$22,H$5,'United Games For'!F$5:F$22) -> 230 | I8: =AVERAGEIF('United Games For'!$A$5:$A$22,I$5,'United Games For'!F$5:F$22) -> 205 | J8: =AVERAGEIF('United Games For'!$A$5:$A$22,J$5,'United Games For'!F$5:F$22) -> 219 | K8: =AVERAGEIF('United Games For'!$A$5:$A$22,K$5,'United Games For'!F$5:F$22) -> 225 | L8: =AVERAGEIF('United Games For'!$A$5:$A$22,L$5,'United Games For'!F$5:F$22) -> 183 | M8: =AVERAGEIF('United Games For'!$A$5:$A$22,M$5,'United Games For'!F$5:F$22) -> 232.5 | N8: =AVERAGEIF('United Games For'!$A$5:$A$22,N$5,'United Games For'!F$5:F$22) -> 282.5 | P8: =AVERAGEIF('United Games Against'!$A$5:$A$22,D$5,'United Games Against'!F$5:F$22) -> 152 | Q8: =AVERAGEIF('United Games Against'!$A$5:$A$22,E$5,'United Games Against'!F$5:F$22) -> 226 | R8: =AVERAGEIF('United Games Against'!$A$5:$A$22,F$5,'United Games Against'!F$5:F$22) -> 175.5 | S8: =AVERAGEIF('United Games Against'!$A$5:$A$22,G$5,'United Games Against'!F$5:F$22) -> 231 | T8: =AVERAGEIF('United Games Against'!$A$5:$A$22,H$5,'United Games Against'!F$5:F$22) -> 187.5 | U8: =AVERAGEIF('United Games Against'!$A$5:$A$22,I$5,'United Games Against'!F$5:F$22) -> 196.5 | V8: =AVERAGEIF('United Games Against'!$A$5:$A$22,J$5,'United Games Against'!F$5:F$22) -> 211 | W8: =AVERAGEIF('United Games Against'!$A$5:$A$22,K$5,'United Games Against'!F$5:F$22) -> 172 | X8: =AVERAGEIF('United Games Against'!$A$5:$A$22,L$5,'United Games Against'!F$5:F$22) -> 207 | Y8: =AVERAGEIF('United Games Against'!$A$5:$A$22,M$5,'United Games Against'!F$5:F$22) -> 224.5 | Z8: =AVERAGEIF('United Games Against'!$A$5:$A$22,N$5,'United Games Against'!F$5:F$22) -> 191.5 | AB8: =D8-P8 -> 110 | AC8: =E8-Q8 -> -17.5 | AD8: =F8-R8 -> 39.5 | AE8: =G8-S8 -> -12 | AF8: =H8-T8 -> 42.5 | AG8: =I8-U8 -> 8.5 | AH8: =J8-V8 -> 8 | AI8: =K8-W8 -> 53 | ... AL8: =N8-Z8 -> 91
A9: HB | B9: Handballs | C9: Y | D9: =AVERAGEIF('United Games For'!$A$5:$A$22,D$5,'United Games For'!G$5:G$22) -> 144 | E9: =AVERAGEIF('United Games For'!$A$5:$A$22,E$5,'United Games For'!G$5:G$22) -> 114 | F9: =AVERAGEIF('United Games For'!$A$5:$A$22,F$5,'United Games For'!G$5:G$22) -> 107 | G9: =AVERAGEIF('United Games For'!$A$5:$A$22,G$5,'United Games For'!G$5:G$22) -> 140 | H9: =AVERAGEIF('United Games For'!$A$5:$A$22,H$5,'United Games For'!G$5:G$22) -> 126.5 | I9: =AVERAGEIF('United Games For'!$A$5:$A$22,I$5,'United Games For'!G$5:G$22) -> 134.5 | J9: =AVERAGEIF('United Games For'!$A$5:$A$22,J$5,'United Games For'!G$5:G$22) -> 92 | K9: =AVERAGEIF('United Games For'!$A$5:$A$22,K$5,'United Games For'!G$5:G$22) -> 131 | L9: =AVERAGEIF('United Games For'!$A$5:$A$22,L$5,'United Games For'!G$5:G$22) -> 122.5 | M9: =AVERAGEIF('United Games For'!$A$5:$A$22,M$5,'United Games For'!G$5:G$22) -> 120.5 | N9: =AVERAGEIF('United Games For'!$A$5:$A$22,N$5,'United Games For'!G$5:G$22) -> 150 | P9: =AVERAGEIF('United Games Against'!$A$5:$A$22,D$5,'United Games Against'!G$5:G$22) -> 114 | Q9: =AVERAGEIF('United Games Against'!$A$5:$A$22,E$5,'United Games Against'!G$5:G$22) -> 153.5 | R9: =AVERAGEIF('United Games Against'!$A$5:$A$22,F$5,'United Games Against'!G$5:G$22) -> 116 | S9: =AVERAGEIF('United Games Against'!$A$5:$A$22,G$5,'United Games Against'!G$5:G$22) -> 96 | T9: =AVERAGEIF('United Games Against'!$A$5:$A$22,H$5,'United Games Against'!G$5:G$22) -> 115 | U9: =AVERAGEIF('United Games Against'!$A$5:$A$22,I$5,'United Games Against'!G$5:G$22) -> 122 | V9: =AVERAGEIF('United Games Against'!$A$5:$A$22,J$5,'United Games Against'!G$5:G$22) -> 120 | W9: =AVERAGEIF('United Games Against'!$A$5:$A$22,K$5,'United Games Against'!G$5:G$22) -> 103 | X9: =AVERAGEIF('United Games Against'!$A$5:$A$22,L$5,'United Games Against'!G$5:G$22) -> 131 | Y9: =AVERAGEIF('United Games Against'!$A$5:$A$22,M$5,'United Games Against'!G$5:G$22) -> 115 | Z9: =AVERAGEIF('United Games Against'!$A$5:$A$22,N$5,'United Games Against'!G$5:G$22) -> 98.5 | AB9: =D9-P9 -> 30 | AC9: =E9-Q9 -> -39.5 | AD9: =F9-R9 -> -9 | AE9: =G9-S9 -> 44 | AF9: =H9-T9 -> 11.5 | AG9: =I9-U9 -> 12.5 | AH9: =J9-V9 -> -28 | AI9: =K9-W9 -> 28 | ... AL9: =N9-Z9 -> 51.5
A10: CP | B10: Contested possessions | C10: Y | D10: =AVERAGEIF('United Games For'!$A$5:$A$22,D$5,'United Games For'!H$5:H$22) -> 103 | E10: =AVERAGEIF('United Games For'!$A$5:$A$22,E$5,'United Games For'!H$5:H$22) -> 121 | F10: =AVERAGEIF('United Games For'!$A$5:$A$22,F$5,'United Games For'!H$5:H$22) -> 114.5 | G10: =AVERAGEIF('United Games For'!$A$5:$A$22,G$5,'United Games For'!H$5:H$22) -> 107 | H10: =AVERAGEIF('United Games For'!$A$5:$A$22,H$5,'United Games For'!H$5:H$22) -> 133 | I10: =AVERAGEIF('United Games For'!$A$5:$A$22,I$5,'United Games For'!H$5:H$22) -> 147.5 | J10: =AVERAGEIF('United Games For'!$A$5:$A$22,J$5,'United Games For'!H$5:H$22) -> 131 | K10: =AVERAGEIF('United Games For'!$A$5:$A$22,K$5,'United Games For'!H$5:H$22) -> 105 | L10: =AVERAGEIF('United Games For'!$A$5:$A$22,L$5,'United Games For'!H$5:H$22) -> 127.5 | M10: =AVERAGEIF('United Games For'!$A$5:$A$22,M$5,'United Games For'!H$5:H$22) -> 154.5 | N10: =AVERAGEIF('United Games For'!$A$5:$A$22,N$5,'United Games For'!H$5:H$22) -> 139.5 | P10: =AVERAGEIF('United Games Against'!$A$5:$A$22,D$5,'United Games Against'!H$5:H$22) -> 111 | Q10: =AVERAGEIF('United Games Against'!$A$5:$A$22,E$5,'United Games Against'!H$5:H$22) -> 137.5 | R10: =AVERAGEIF('United Games Against'!$A$5:$A$22,F$5,'United Games Against'!H$5:H$22) -> 110.5 | S10: =AVERAGEIF('United Games Against'!$A$5:$A$22,G$5,'United Games Against'!H$5:H$22) -> 108 | T10: =AVERAGEIF('United Games Against'!$A$5:$A$22,H$5,'United Games Against'!H$5:H$22) -> 131 | U10: =AVERAGEIF('United Games Against'!$A$5:$A$22,I$5,'United Games Against'!H$5:H$22) -> 139.5 | V10: =AVERAGEIF('United Games Against'!$A$5:$A$22,J$5,'United Games Against'!H$5:H$22) -> 142 | W10: =AVERAGEIF('United Games Against'!$A$5:$A$22,K$5,'United Games Against'!H$5:H$22) -> 113 | X10: =AVERAGEIF('United Games Against'!$A$5:$A$22,L$5,'United Games Against'!H$5:H$22) -> 132.5 | Y10: =AVERAGEIF('United Games Against'!$A$5:$A$22,M$5,'United Games Against'!H$5:H$22) -> 121 | Z10: =AVERAGEIF('United Games Against'!$A$5:$A$22,N$5,'United Games Against'!H$5:H$22) -> 101 | AB10: =D10-P10 -> -8 | AC10: =E10-Q10 -> -16.5 | AD10: =F10-R10 -> 4 | AE10: =G10-S10 -> -1 | AF10: =H10-T10 -> 2 | AG10: =I10-U10 -> 8 | AH10: =J10-V10 -> -11 | AI10: =K10-W10 -> -8 | ... AL10: =N10-Z10 -> 38.5
A11: TGB | B11: Total groundball gets | C11: Y | D11: =AVERAGEIF('United Games For'!$A$5:$A$22,D$5,'United Games For'!I$5:I$22) -> 64 | E11: =AVERAGEIF('United Games For'!$A$5:$A$22,E$5,'United Games For'!I$5:I$22) -> 76 | F11: =AVERAGEIF('United Games For'!$A$5:$A$22,F$5,'United Games For'!I$5:I$22) -> 61 | G11: =AVERAGEIF('United Games For'!$A$5:$A$22,G$5,'United Games For'!I$5:I$22) -> 68 | H11: =AVERAGEIF('United Games For'!$A$5:$A$22,H$5,'United Games For'!I$5:I$22) -> 82.5 | I11: =AVERAGEIF('United Games For'!$A$5:$A$22,I$5,'United Games For'!I$5:I$22) -> 95.5 | J11: =AVERAGEIF('United Games For'!$A$5:$A$22,J$5,'United Games For'!I$5:I$22) -> 71 | K11: =AVERAGEIF('United Games For'!$A$5:$A$22,K$5,'United Games For'!I$5:I$22) -> 62 | L11: =AVERAGEIF('United Games For'!$A$5:$A$22,L$5,'United Games For'!I$5:I$22) -> 77 | M11: =AVERAGEIF('United Games For'!$A$5:$A$22,M$5,'United Games For'!I$5:I$22) -> 89.5 | N11: =AVERAGEIF('United Games For'!$A$5:$A$22,N$5,'United Games For'!I$5:I$22) -> 87.5 | P11: =AVERAGEIF('United Games Against'!$A$5:$A$22,D$5,'United Games Against'!I$5:I$22) -> 64 | Q11: =AVERAGEIF('United Games Against'!$A$5:$A$22,E$5,'United Games Against'!I$5:I$22) -> 90 | R11: =AVERAGEIF('United Games Against'!$A$5:$A$22,F$5,'United Games Against'!I$5:I$22) -> 75 | S11: =AVERAGEIF('United Games Against'!$A$5:$A$22,G$5,'United Games Against'!I$5:I$22) -> 55 | T11: =AVERAGEIF('United Games Against'!$A$5:$A$22,H$5,'United Games Against'!I$5:I$22) -> 78 | U11: =AVERAGEIF('United Games Against'!$A$5:$A$22,I$5,'United Games Against'!I$5:I$22) -> 80 | V11: =AVERAGEIF('United Games Against'!$A$5:$A$22,J$5,'United Games Against'!I$5:I$22) -> 87 | W11: =AVERAGEIF('United Games Against'!$A$5:$A$22,K$5,'United Games Against'!I$5:I$22) -> 58 | X11: =AVERAGEIF('United Games Against'!$A$5:$A$22,L$5,'United Games Against'!I$5:I$22) -> 83.5 | Y11: =AVERAGEIF('United Games Against'!$A$5:$A$22,M$5,'United Games Against'!I$5:I$22) -> 80 | Z11: =AVERAGEIF('United Games Against'!$A$5:$A$22,N$5,'United Games Against'!I$5:I$22) -> 66 | AB11: =D11-P11 -> 0 | AC11: =E11-Q11 -> -14 | AD11: =F11-R11 -> -14 | AE11: =G11-S11 -> 13 | AF11: =H11-T11 -> 4.5 | AG11: =I11-U11 -> 15.5 | AH11: =J11-V11 -> -16 | AI11: =K11-W11 -> 4 | ... AL11: =N11-Z11 -> 21.5
A12: HBG | B12: Hard ball gets | C12: Y | D12: =AVERAGEIF('United Games For'!$A$5:$A$22,D$5,'United Games For'!J$5:J$22) -> 30 | E12: =AVERAGEIF('United Games For'!$A$5:$A$22,E$5,'United Games For'!J$5:J$22) -> 25.5 | F12: =AVERAGEIF('United Games For'!$A$5:$A$22,F$5,'United Games For'!J$5:J$22) -> 18 | G12: =AVERAGEIF('United Games For'!$A$5:$A$22,G$5,'United Games For'!J$5:J$22) -> 31 | H12: =AVERAGEIF('United Games For'!$A$5:$A$22,H$5,'United Games For'!J$5:J$22) -> 29 | I12: =AVERAGEIF('United Games For'!$A$5:$A$22,I$5,'United Games For'!J$5:J$22) -> 30.5 | J12: =AVERAGEIF('United Games For'!$A$5:$A$22,J$5,'United Games For'!J$5:J$22) -> 27 | K12: =AVERAGEIF('United Games For'!$A$5:$A$22,K$5,'United Games For'!J$5:J$22) -> 30 | L12: =AVERAGEIF('United Games For'!$A$5:$A$22,L$5,'United Games For'!J$5:J$22) -> 30.5 | M12: =AVERAGEIF('United Games For'!$A$5:$A$22,M$5,'United Games For'!J$5:J$22) -> 35 | N12: =AVERAGEIF('United Games For'!$A$5:$A$22,N$5,'United Games For'!J$5:J$22) -> 28 | P12: =AVERAGEIF('United Games Against'!$A$5:$A$22,D$5,'United Games Against'!J$5:J$22) -> 27 | Q12: =AVERAGEIF('United Games Against'!$A$5:$A$22,E$5,'United Games Against'!J$5:J$22) -> 26 | R12: =AVERAGEIF('United Games Against'!$A$5:$A$22,F$5,'United Games Against'!J$5:J$22) -> 31 | S12: =AVERAGEIF('United Games Against'!$A$5:$A$22,G$5,'United Games Against'!J$5:J$22) -> 23 | T12: =AVERAGEIF('United Games Against'!$A$5:$A$22,H$5,'United Games Against'!J$5:J$22) -> 18.5 | U12: =AVERAGEIF('United Games Against'!$A$5:$A$22,I$5,'United Games Against'!J$5:J$22) -> 22.5 | V12: =AVERAGEIF('United Games Against'!$A$5:$A$22,J$5,'United Games Against'!J$5:J$22) -> 42 | W12: =AVERAGEIF('United Games Against'!$A$5:$A$22,K$5,'United Games Against'!J$5:J$22) -> 26 | X12: =AVERAGEIF('United Games Against'!$A$5:$A$22,L$5,'United Games Against'!J$5:J$22) -> 29 | Y12: =AVERAGEIF('United Games Against'!$A$5:$A$22,M$5,'United Games Against'!J$5:J$22) -> 26 | Z12: =AVERAGEIF('United Games Against'!$A$5:$A$22,N$5,'United Games Against'!J$5:J$22) -> 17 | AB12: =D12-P12 -> 3 | AC12: =E12-Q12 -> -0.5 | AD12: =F12-R12 -> -13 | AE12: =G12-S12 -> 8 | AF12: =H12-T12 -> 10.5 | AG12: =I12-U12 -> 8 | AH12: =J12-V12 -> -15 | AI12: =K12-W12 -> 4 | ... AL12: =N12-Z12 -> 11
A13: LBG | B13: Loose ball gets | C13: Y | D13: =AVERAGEIF('United Games For'!$A$5:$A$22,D$5,'United Games For'!K$5:K$22) -> 34 | E13: =AVERAGEIF('United Games For'!$A$5:$A$22,E$5,'United Games For'!K$5:K$22) -> 50.5 | F13: =AVERAGEIF('United Games For'!$A$5:$A$22,F$5,'United Games For'!K$5:K$22) -> 43 | G13: =AVERAGEIF('United Games For'!$A$5:$A$22,G$5,'United Games For'!K$5:K$22) -> 37 | H13: =AVERAGEIF('United Games For'!$A$5:$A$22,H$5,'United Games For'!K$5:K$22) -> 53.5 | I13: =AVERAGEIF('United Games For'!$A$5:$A$22,I$5,'United Games For'!K$5:K$22) -> 65 | J13: =AVERAGEIF('United Games For'!$A$5:$A$22,J$5,'United Games For'!K$5:K$22) -> 44 | K13: =AVERAGEIF('United Games For'!$A$5:$A$22,K$5,'United Games For'!K$5:K$22) -> 32 | L13: =AVERAGEIF('United Games For'!$A$5:$A$22,L$5,'United Games For'!K$5:K$22) -> 46.5 | M13: =AVERAGEIF('United Games For'!$A$5:$A$22,M$5,'United Games For'!K$5:K$22) -> 54.5 | N13: =AVERAGEIF('United Games For'!$A$5:$A$22,N$5,'United Games For'!K$5:K$22) -> 59.5 | P13: =AVERAGEIF('United Games Against'!$A$5:$A$22,D$5,'United Games Against'!K$5:K$22) -> 37 | Q13: =AVERAGEIF('United Games Against'!$A$5:$A$22,E$5,'United Games Against'!K$5:K$22) -> 64 | R13: =AVERAGEIF('United Games Against'!$A$5:$A$22,F$5,'United Games Against'!K$5:K$22) -> 44 | S13: =AVERAGEIF('United Games Against'!$A$5:$A$22,G$5,'United Games Against'!K$5:K$22) -> 32 | T13: =AVERAGEIF('United Games Against'!$A$5:$A$22,H$5,'United Games Against'!K$5:K$22) -> 59.5 | U13: =AVERAGEIF('United Games Against'!$A$5:$A$22,I$5,'United Games Against'!K$5:K$22) -> 57.5 | V13: =AVERAGEIF('United Games Against'!$A$5:$A$22,J$5,'United Games Against'!K$5:K$22) -> 45 | W13: =AVERAGEIF('United Games Against'!$A$5:$A$22,K$5,'United Games Against'!K$5:K$22) -> 32 | X13: =AVERAGEIF('United Games Against'!$A$5:$A$22,L$5,'United Games Against'!K$5:K$22) -> 54.5 | Y13: =AVERAGEIF('United Games Against'!$A$5:$A$22,M$5,'United Games Against'!K$5:K$22) -> 54 | Z13: =AVERAGEIF('United Games Against'!$A$5:$A$22,N$5,'United Games Against'!K$5:K$22) -> 49 | AB13: =D13-P13 -> -3 | AC13: =E13-Q13 -> -13.5 | AD13: =F13-R13 -> -1 | AE13: =G13-S13 -> 5 | AF13: =H13-T13 -> -6 | AG13: =I13-U13 -> 7.5 | AH13: =J13-V13 -> -1 | AI13: =K13-W13 -> 0 | ... AL13: =N13-Z13 -> 10.5
A14: IP | B14: Intercept possessions | C14: Y | D14: =AVERAGEIF('United Games For'!$A$5:$A$22,D$5,'United Games For'!L$5:L$22) -> 76 | E14: =AVERAGEIF('United Games For'!$A$5:$A$22,E$5,'United Games For'!L$5:L$22) -> 67.5 | F14: =AVERAGEIF('United Games For'!$A$5:$A$22,F$5,'United Games For'!L$5:L$22) -> 55 | G14: =AVERAGEIF('United Games For'!$A$5:$A$22,G$5,'United Games For'!L$5:L$22) -> 61 | H14: =AVERAGEIF('United Games For'!$A$5:$A$22,H$5,'United Games For'!L$5:L$22) -> 59.5 | I14: =AVERAGEIF('United Games For'!$A$5:$A$22,I$5,'United Games For'!L$5:L$22) -> 73 | J14: =AVERAGEIF('United Games For'!$A$5:$A$22,J$5,'United Games For'!L$5:L$22) -> 80 | K14: =AVERAGEIF('United Games For'!$A$5:$A$22,K$5,'United Games For'!L$5:L$22) -> 74 | L14: =AVERAGEIF('United Games For'!$A$5:$A$22,L$5,'United Games For'!L$5:L$22) -> 71.5 | M14: =AVERAGEIF('United Games For'!$A$5:$A$22,M$5,'United Games For'!L$5:L$22) -> 73 | N14: =AVERAGEIF('United Games For'!$A$5:$A$22,N$5,'United Games For'!L$5:L$22) -> 70 | P14: =AVERAGEIF('United Games Against'!$A$5:$A$22,D$5,'United Games Against'!L$5:L$22) -> 68 | Q14: =AVERAGEIF('United Games Against'!$A$5:$A$22,E$5,'United Games Against'!L$5:L$22) -> 59.5 | R14: =AVERAGEIF('United Games Against'!$A$5:$A$22,F$5,'United Games Against'!L$5:L$22) -> 54.5 | S14: =AVERAGEIF('United Games Against'!$A$5:$A$22,G$5,'United Games Against'!L$5:L$22) -> 61 | T14: =AVERAGEIF('United Games Against'!$A$5:$A$22,H$5,'United Games Against'!L$5:L$22) -> 65 | U14: =AVERAGEIF('United Games Against'!$A$5:$A$22,I$5,'United Games Against'!L$5:L$22) -> 69.5 | V14: =AVERAGEIF('United Games Against'!$A$5:$A$22,J$5,'United Games Against'!L$5:L$22) -> 65 | W14: =AVERAGEIF('United Games Against'!$A$5:$A$22,K$5,'United Games Against'!L$5:L$22) -> 56 | X14: =AVERAGEIF('United Games Against'!$A$5:$A$22,L$5,'United Games Against'!L$5:L$22) -> 78.5 | Y14: =AVERAGEIF('United Games Against'!$A$5:$A$22,M$5,'United Games Against'!L$5:L$22) -> 73.5 | Z14: =AVERAGEIF('United Games Against'!$A$5:$A$22,N$5,'United Games Against'!L$5:L$22) -> 58.5 | AB14: =D14-P14 -> 8 | AC14: =E14-Q14 -> 8 | AD14: =F14-R14 -> 0.5 | AE14: =G14-S14 -> 0 | AF14: =H14-T14 -> -5.5 | AG14: =I14-U14 -> 3.5 | AH14: =J14-V14 -> 15 | AI14: =K14-W14 -> 18 | ... AL14: =N14-Z14 -> 11.5
A15: GTH | B15: Gathers | C15: Y | D15: =AVERAGEIF('United Games For'!$A$5:$A$22,D$5,'United Games For'!M$5:M$22) -> 63 | E15: =AVERAGEIF('United Games For'!$A$5:$A$22,E$5,'United Games For'!M$5:M$22) -> 38 | F15: =AVERAGEIF('United Games For'!$A$5:$A$22,F$5,'United Games For'!M$5:M$22) -> 47 | G15: =AVERAGEIF('United Games For'!$A$5:$A$22,G$5,'United Games For'!M$5:M$22) -> 61 | H15: =AVERAGEIF('United Games For'!$A$5:$A$22,H$5,'United Games For'!M$5:M$22) -> 44.5 | I15: =AVERAGEIF('United Games For'!$A$5:$A$22,I$5,'United Games For'!M$5:M$22) -> 46 | J15: =AVERAGEIF('United Games For'!$A$5:$A$22,J$5,'United Games For'!M$5:M$22) -> 36 | K15: =AVERAGEIF('United Games For'!$A$5:$A$22,K$5,'United Games For'!M$5:M$22) -> 74 | L15: =AVERAGEIF('United Games For'!$A$5:$A$22,L$5,'United Games For'!M$5:M$22) -> 52.5 | M15: =AVERAGEIF('United Games For'!$A$5:$A$22,M$5,'United Games For'!M$5:M$22) -> 62 | N15: =AVERAGEIF('United Games For'!$A$5:$A$22,N$5,'United Games For'!M$5:M$22) -> 50 | P15: =AVERAGEIF('United Games Against'!$A$5:$A$22,D$5,'United Games Against'!M$5:M$22) -> 41 | Q15: =AVERAGEIF('United Games Against'!$A$5:$A$22,E$5,'United Games Against'!M$5:M$22) -> 49.5 | R15: =AVERAGEIF('United Games Against'!$A$5:$A$22,F$5,'United Games Against'!M$5:M$22) -> 28.5 | S15: =AVERAGEIF('United Games Against'!$A$5:$A$22,G$5,'United Games Against'!M$5:M$22) -> 77 | T15: =AVERAGEIF('United Games Against'!$A$5:$A$22,H$5,'United Games Against'!M$5:M$22) -> 31 | U15: =AVERAGEIF('United Games Against'!$A$5:$A$22,I$5,'United Games Against'!M$5:M$22) -> 48.5 | V15: =AVERAGEIF('United Games Against'!$A$5:$A$22,J$5,'United Games Against'!M$5:M$22) -> 48 | W15: =AVERAGEIF('United Games Against'!$A$5:$A$22,K$5,'United Games Against'!M$5:M$22) -> 57 | X15: =AVERAGEIF('United Games Against'!$A$5:$A$22,L$5,'United Games Against'!M$5:M$22) -> 47.5 | Y15: =AVERAGEIF('United Games Against'!$A$5:$A$22,M$5,'United Games Against'!M$5:M$22) -> 47 | Z15: =AVERAGEIF('United Games Against'!$A$5:$A$22,N$5,'United Games Against'!M$5:M$22) -> 33.5 | AB15: =D15-P15 -> 22 | AC15: =E15-Q15 -> -11.5 | AD15: =F15-R15 -> 18.5 | AE15: =G15-S15 -> -16 | AF15: =H15-T15 -> 13.5 | AG15: =I15-U15 -> -2.5 | AH15: =J15-V15 -> -12 | AI15: =K15-W15 -> 17 | ... AL15: =N15-Z15 -> 16.5
A16: HR | B16: Handball receives | C16: ? | D16: =AVERAGEIF('United Games For'!$A$5:$A$22,D$5,'United Games For'!N$5:N$22) -> 11 | E16: =AVERAGEIF('United Games For'!$A$5:$A$22,E$5,'United Games For'!N$5:N$22) -> 4.5 | F16: =AVERAGEIF('United Games For'!$A$5:$A$22,F$5,'United Games For'!N$5:N$22) -> 7.5 | G16: =AVERAGEIF('United Games For'!$A$5:$A$22,G$5,'United Games For'!N$5:N$22) -> 10 | H16: =AVERAGEIF('United Games For'!$A$5:$A$22,H$5,'United Games For'!N$5:N$22) -> 10 | I16: =AVERAGEIF('United Games For'!$A$5:$A$22,I$5,'United Games For'!N$5:N$22) -> 8 | J16: =AVERAGEIF('United Games For'!$A$5:$A$22,J$5,'United Games For'!N$5:N$22) -> 7 | K16: =AVERAGEIF('United Games For'!$A$5:$A$22,K$5,'United Games For'!N$5:N$22) -> 3 | L16: =AVERAGEIF('United Games For'!$A$5:$A$22,L$5,'United Games For'!N$5:N$22) -> 5 | M16: =AVERAGEIF('United Games For'!$A$5:$A$22,M$5,'United Games For'!N$5:N$22) -> 2.5 | N16: =AVERAGEIF('United Games For'!$A$5:$A$22,N$5,'United Games For'!N$5:N$22) -> 13.5 | P16: =AVERAGEIF('United Games Against'!$A$5:$A$22,D$5,'United Games Against'!N$5:N$22) -> 9 | Q16: =AVERAGEIF('United Games Against'!$A$5:$A$22,E$5,'United Games Against'!N$5:N$22) -> 9.5 | R16: =AVERAGEIF('United Games Against'!$A$5:$A$22,F$5,'United Games Against'!N$5:N$22) -> 6 | S16: =AVERAGEIF('United Games Against'!$A$5:$A$22,G$5,'United Games Against'!N$5:N$22) -> 5 | T16: =AVERAGEIF('United Games Against'!$A$5:$A$22,H$5,'United Games Against'!N$5:N$22) -> 11.5 | U16: =AVERAGEIF('United Games Against'!$A$5:$A$22,I$5,'United Games Against'!N$5:N$22) -> 10.5 | V16: =AVERAGEIF('United Games Against'!$A$5:$A$22,J$5,'United Games Against'!N$5:N$22) -> 17 | W16: =AVERAGEIF('United Games Against'!$A$5:$A$22,K$5,'United Games Against'!N$5:N$22) -> 9 | X16: =AVERAGEIF('United Games Against'!$A$5:$A$22,L$5,'United Games Against'!N$5:N$22) -> 8.5 | Y16: =AVERAGEIF('United Games Against'!$A$5:$A$22,M$5,'United Games Against'!N$5:N$22) -> 10 | Z16: =AVERAGEIF('United Games Against'!$A$5:$A$22,N$5,'United Games Against'!N$5:N$22) -> 7 | AB16: =D16-P16 -> 2 | AC16: =E16-Q16 -> -5 | AD16: =F16-R16 -> 1.5 | AE16: =G16-S16 -> 5 | AF16: =H16-T16 -> -1.5 | AG16: =I16-U16 -> -2.5 | AH16: =J16-V16 -> -10 | AI16: =K16-W16 -> -6 | ... AL16: =N16-Z16 -> 6.5
A17: M | B17: Marks | C17: Y | D17: =AVERAGEIF('United Games For'!$A$5:$A$22,D$5,'United Games For'!O$5:O$22) -> 149 | E17: =AVERAGEIF('United Games For'!$A$5:$A$22,E$5,'United Games For'!O$5:O$22) -> 103 | F17: =AVERAGEIF('United Games For'!$A$5:$A$22,F$5,'United Games For'!O$5:O$22) -> 111 | G17: =AVERAGEIF('United Games For'!$A$5:$A$22,G$5,'United Games For'!O$5:O$22) -> 109 | H17: =AVERAGEIF('United Games For'!$A$5:$A$22,H$5,'United Games For'!O$5:O$22) -> 118 | I17: =AVERAGEIF('United Games For'!$A$5:$A$22,I$5,'United Games For'!O$5:O$22) -> 87.5 | J17: =AVERAGEIF('United Games For'!$A$5:$A$22,J$5,'United Games For'!O$5:O$22) -> 99 | K17: =AVERAGEIF('United Games For'!$A$5:$A$22,K$5,'United Games For'!O$5:O$22) -> 118 | L17: =AVERAGEIF('United Games For'!$A$5:$A$22,L$5,'United Games For'!O$5:O$22) -> 71.5 | M17: =AVERAGEIF('United Games For'!$A$5:$A$22,M$5,'United Games For'!O$5:O$22) -> 101 | N17: =AVERAGEIF('United Games For'!$A$5:$A$22,N$5,'United Games For'!O$5:O$22) -> 164.5 | P17: =AVERAGEIF('United Games Against'!$A$5:$A$22,D$5,'United Games Against'!O$5:O$22) -> 61 | Q17: =AVERAGEIF('United Games Against'!$A$5:$A$22,E$5,'United Games Against'!O$5:O$22) -> 97 | R17: =AVERAGEIF('United Games Against'!$A$5:$A$22,F$5,'United Games Against'!O$5:O$22) -> 84 | S17: =AVERAGEIF('United Games Against'!$A$5:$A$22,G$5,'United Games Against'!O$5:O$22) -> 105 | T17: =AVERAGEIF('United Games Against'!$A$5:$A$22,H$5,'United Games Against'!O$5:O$22) -> 82 | U17: =AVERAGEIF('United Games Against'!$A$5:$A$22,I$5,'United Games Against'!O$5:O$22) -> 72.5 | V17: =AVERAGEIF('United Games Against'!$A$5:$A$22,J$5,'United Games Against'!O$5:O$22) -> 89 | W17: =AVERAGEIF('United Games Against'!$A$5:$A$22,K$5,'United Games Against'!O$5:O$22) -> 64 | X17: =AVERAGEIF('United Games Against'!$A$5:$A$22,L$5,'United Games Against'!O$5:O$22) -> 97 | Y17: =AVERAGEIF('United Games Against'!$A$5:$A$22,M$5,'United Games Against'!O$5:O$22) -> 106 | Z17: =AVERAGEIF('United Games Against'!$A$5:$A$22,N$5,'United Games Against'!O$5:O$22) -> 95.5 | AB17: =D17-P17 -> 88 | AC17: =E17-Q17 -> 6 | AD17: =F17-R17 -> 27 | AE17: =G17-S17 -> 4 | AF17: =H17-T17 -> 36 | AG17: =I17-U17 -> 15 | AH17: =J17-V17 -> 10 | AI17: =K17-W17 -> 54 | ... AL17: =N17-Z17 -> 69
A18: CM | B18: Contested marks | C18: Y | D18: =AVERAGEIF('United Games For'!$A$5:$A$22,D$5,'United Games For'!P$5:P$22) -> 8 | E18: =AVERAGEIF('United Games For'!$A$5:$A$22,E$5,'United Games For'!P$5:P$22) -> 13 | F18: =AVERAGEIF('United Games For'!$A$5:$A$22,F$5,'United Games For'!P$5:P$22) -> 18 | G18: =AVERAGEIF('United Games For'!$A$5:$A$22,G$5,'United Games For'!P$5:P$22) -> 10 | H18: =AVERAGEIF('United Games For'!$A$5:$A$22,H$5,'United Games For'!P$5:P$22) -> 16 | I18: =AVERAGEIF('United Games For'!$A$5:$A$22,I$5,'United Games For'!P$5:P$22) -> 16 | J18: =AVERAGEIF('United Games For'!$A$5:$A$22,J$5,'United Games For'!P$5:P$22) -> 18 | K18: =AVERAGEIF('United Games For'!$A$5:$A$22,K$5,'United Games For'!P$5:P$22) -> 10 | L18: =AVERAGEIF('United Games For'!$A$5:$A$22,L$5,'United Games For'!P$5:P$22) -> 11.5 | M18: =AVERAGEIF('United Games For'!$A$5:$A$22,M$5,'United Games For'!P$5:P$22) -> 15 | N18: =AVERAGEIF('United Games For'!$A$5:$A$22,N$5,'United Games For'!P$5:P$22) -> 16.5 | P18: =AVERAGEIF('United Games Against'!$A$5:$A$22,D$5,'United Games Against'!P$5:P$22) -> 9 | Q18: =AVERAGEIF('United Games Against'!$A$5:$A$22,E$5,'United Games Against'!P$5:P$22) -> 11.5 | R18: =AVERAGEIF('United Games Against'!$A$5:$A$22,F$5,'United Games Against'!P$5:P$22) -> 9.5 | S18: =AVERAGEIF('United Games Against'!$A$5:$A$22,G$5,'United Games Against'!P$5:P$22) -> 15 | T18: =AVERAGEIF('United Games Against'!$A$5:$A$22,H$5,'United Games Against'!P$5:P$22) -> 18 | U18: =AVERAGEIF('United Games Against'!$A$5:$A$22,I$5,'United Games Against'!P$5:P$22) -> 8 | V18: =AVERAGEIF('United Games Against'!$A$5:$A$22,J$5,'United Games Against'!P$5:P$22) -> 13 | W18: =AVERAGEIF('United Games Against'!$A$5:$A$22,K$5,'United Games Against'!P$5:P$22) -> 10 | X18: =AVERAGEIF('United Games Against'!$A$5:$A$22,L$5,'United Games Against'!P$5:P$22) -> 10.5 | Y18: =AVERAGEIF('United Games Against'!$A$5:$A$22,M$5,'United Games Against'!P$5:P$22) -> 14 | Z18: =AVERAGEIF('United Games Against'!$A$5:$A$22,N$5,'United Games Against'!P$5:P$22) -> 11 | AB18: =D18-P18 -> -1 | AC18: =E18-Q18 -> 1.5 | AD18: =F18-R18 -> 8.5 | AE18: =G18-S18 -> -5 | AF18: =H18-T18 -> -2 | AG18: =I18-U18 -> 8 | AH18: =J18-V18 -> 5 | AI18: =K18-W18 -> 0 | ... AL18: =N18-Z18 -> 5.5
A19: UM | B19: Uncontested marks | C19: Y | D19: =AVERAGEIF('United Games For'!$A$5:$A$22,D$5,'United Games For'!Q$5:Q$22) -> 141 | E19: =AVERAGEIF('United Games For'!$A$5:$A$22,E$5,'United Games For'!Q$5:Q$22) -> 90 | F19: =AVERAGEIF('United Games For'!$A$5:$A$22,F$5,'United Games For'!Q$5:Q$22) -> 93 | G19: =AVERAGEIF('United Games For'!$A$5:$A$22,G$5,'United Games For'!Q$5:Q$22) -> 99 | H19: =AVERAGEIF('United Games For'!$A$5:$A$22,H$5,'United Games For'!Q$5:Q$22) -> 102 | I19: =AVERAGEIF('United Games For'!$A$5:$A$22,I$5,'United Games For'!Q$5:Q$22) -> 71.5 | J19: =AVERAGEIF('United Games For'!$A$5:$A$22,J$5,'United Games For'!Q$5:Q$22) -> 81 | K19: =AVERAGEIF('United Games For'!$A$5:$A$22,K$5,'United Games For'!Q$5:Q$22) -> 108 | L19: =AVERAGEIF('United Games For'!$A$5:$A$22,L$5,'United Games For'!Q$5:Q$22) -> 60 | M19: =AVERAGEIF('United Games For'!$A$5:$A$22,M$5,'United Games For'!Q$5:Q$22) -> 86 | N19: =AVERAGEIF('United Games For'!$A$5:$A$22,N$5,'United Games For'!Q$5:Q$22) -> 148 | P19: =AVERAGEIF('United Games Against'!$A$5:$A$22,D$5,'United Games Against'!Q$5:Q$22) -> 52 | Q19: =AVERAGEIF('United Games Against'!$A$5:$A$22,E$5,'United Games Against'!Q$5:Q$22) -> 85.5 | R19: =AVERAGEIF('United Games Against'!$A$5:$A$22,F$5,'United Games Against'!Q$5:Q$22) -> 74.5 | S19: =AVERAGEIF('United Games Against'!$A$5:$A$22,G$5,'United Games Against'!Q$5:Q$22) -> 90 | T19: =AVERAGEIF('United Games Against'!$A$5:$A$22,H$5,'United Games Against'!Q$5:Q$22) -> 64 | U19: =AVERAGEIF('United Games Against'!$A$5:$A$22,I$5,'United Games Against'!Q$5:Q$22) -> 64.5 | V19: =AVERAGEIF('United Games Against'!$A$5:$A$22,J$5,'United Games Against'!Q$5:Q$22) -> 76 | W19: =AVERAGEIF('United Games Against'!$A$5:$A$22,K$5,'United Games Against'!Q$5:Q$22) -> 54 | X19: =AVERAGEIF('United Games Against'!$A$5:$A$22,L$5,'United Games Against'!Q$5:Q$22) -> 86.5 | Y19: =AVERAGEIF('United Games Against'!$A$5:$A$22,M$5,'United Games Against'!Q$5:Q$22) -> 92 | Z19: =AVERAGEIF('United Games Against'!$A$5:$A$22,N$5,'United Games Against'!Q$5:Q$22) -> 84.5 | AB19: =D19-P19 -> 89 | AC19: =E19-Q19 -> 4.5 | AD19: =F19-R19 -> 18.5 | AE19: =G19-S19 -> 9 | AF19: =H19-T19 -> 38 | AG19: =I19-U19 -> 7 | AH19: =J19-V19 -> 5 | AI19: =K19-W19 -> 54 | ... AL19: =N19-Z19 -> 63.5
A20: IM | B20: Intercept marks | C20: Y | D20: =AVERAGEIF('United Games For'!$A$5:$A$22,D$5,'United Games For'!R$5:R$22) -> 14 | E20: =AVERAGEIF('United Games For'!$A$5:$A$22,E$5,'United Games For'!R$5:R$22) -> 18 | F20: =AVERAGEIF('United Games For'!$A$5:$A$22,F$5,'United Games For'!R$5:R$22) -> 16 | G20: =AVERAGEIF('United Games For'!$A$5:$A$22,G$5,'United Games For'!R$5:R$22) -> 14 | H20: =AVERAGEIF('United Games For'!$A$5:$A$22,H$5,'United Games For'!R$5:R$22) -> 16.5 | I20: =AVERAGEIF('United Games For'!$A$5:$A$22,I$5,'United Games For'!R$5:R$22) -> 14.5 | J20: =AVERAGEIF('United Games For'!$A$5:$A$22,J$5,'United Games For'!R$5:R$22) -> 19 | K20: =AVERAGEIF('United Games For'!$A$5:$A$22,K$5,'United Games For'!R$5:R$22) -> 17 | L20: =AVERAGEIF('United Games For'!$A$5:$A$22,L$5,'United Games For'!R$5:R$22) -> 16 | M20: =AVERAGEIF('United Games For'!$A$5:$A$22,M$5,'United Games For'!R$5:R$22) -> 19 | N20: =AVERAGEIF('United Games For'!$A$5:$A$22,N$5,'United Games For'!R$5:R$22) -> 19.5 | P20: =AVERAGEIF('United Games Against'!$A$5:$A$22,D$5,'United Games Against'!R$5:R$22) -> 9 | Q20: =AVERAGEIF('United Games Against'!$A$5:$A$22,E$5,'United Games Against'!R$5:R$22) -> 13 | R20: =AVERAGEIF('United Games Against'!$A$5:$A$22,F$5,'United Games Against'!R$5:R$22) -> 13 | S20: =AVERAGEIF('United Games Against'!$A$5:$A$22,G$5,'United Games Against'!R$5:R$22) -> 13 | T20: =AVERAGEIF('United Games Against'!$A$5:$A$22,H$5,'United Games Against'!R$5:R$22) -> 16 | U20: =AVERAGEIF('United Games Against'!$A$5:$A$22,I$5,'United Games Against'!R$5:R$22) -> 6.5 | V20: =AVERAGEIF('United Games Against'!$A$5:$A$22,J$5,'United Games Against'!R$5:R$22) -> 16 | W20: =AVERAGEIF('United Games Against'!$A$5:$A$22,K$5,'United Games Against'!R$5:R$22) -> 9 | X20: =AVERAGEIF('United Games Against'!$A$5:$A$22,L$5,'United Games Against'!R$5:R$22) -> 15 | Y20: =AVERAGEIF('United Games Against'!$A$5:$A$22,M$5,'United Games Against'!R$5:R$22) -> 15 | Z20: =AVERAGEIF('United Games Against'!$A$5:$A$22,N$5,'United Games Against'!R$5:R$22) -> 17 | AB20: =D20-P20 -> 5 | AC20: =E20-Q20 -> 5 | AD20: =F20-R20 -> 3 | AE20: =G20-S20 -> 1 | AF20: =H20-T20 -> 0.5 | AG20: =I20-U20 -> 8 | AH20: =J20-V20 -> 3 | AI20: =K20-W20 -> 8 | ... AL20: =N20-Z20 -> 2.5
A21: MI50 | B21: Marks inside 50 | C21: Y | D21: =AVERAGEIF('United Games For'!$A$5:$A$22,D$5,'United Games For'!S$5:S$22) -> 21 | E21: =AVERAGEIF('United Games For'!$A$5:$A$22,E$5,'United Games For'!S$5:S$22) -> 12 | F21: =AVERAGEIF('United Games For'!$A$5:$A$22,F$5,'United Games For'!S$5:S$22) -> 19.5 | G21: =AVERAGEIF('United Games For'!$A$5:$A$22,G$5,'United Games For'!S$5:S$22) -> 18 | H21: =AVERAGEIF('United Games For'!$A$5:$A$22,H$5,'United Games For'!S$5:S$22) -> 14 | I21: =AVERAGEIF('United Games For'!$A$5:$A$22,I$5,'United Games For'!S$5:S$22) -> 10.5 | J21: =AVERAGEIF('United Games For'!$A$5:$A$22,J$5,'United Games For'!S$5:S$22) -> 10 | K21: =AVERAGEIF('United Games For'!$A$5:$A$22,K$5,'United Games For'!S$5:S$22) -> 16 | L21: =AVERAGEIF('United Games For'!$A$5:$A$22,L$5,'United Games For'!S$5:S$22) -> 7 | M21: =AVERAGEIF('United Games For'!$A$5:$A$22,M$5,'United Games For'!S$5:S$22) -> 11.5 | N21: =AVERAGEIF('United Games For'!$A$5:$A$22,N$5,'United Games For'!S$5:S$22) -> 29 | P21: =AVERAGEIF('United Games Against'!$A$5:$A$22,D$5,'United Games Against'!S$5:S$22) -> 7 | Q21: =AVERAGEIF('United Games Against'!$A$5:$A$22,E$5,'United Games Against'!S$5:S$22) -> 18.5 | R21: =AVERAGEIF('United Games Against'!$A$5:$A$22,F$5,'United Games Against'!S$5:S$22) -> 12.5 | S21: =AVERAGEIF('United Games Against'!$A$5:$A$22,G$5,'United Games Against'!S$5:S$22) -> 7 | T21: =AVERAGEIF('United Games Against'!$A$5:$A$22,H$5,'United Games Against'!S$5:S$22) -> 14 | U21: =AVERAGEIF('United Games Against'!$A$5:$A$22,I$5,'United Games Against'!S$5:S$22) -> 6.5 | V21: =AVERAGEIF('United Games Against'!$A$5:$A$22,J$5,'United Games Against'!S$5:S$22) -> 13 | W21: =AVERAGEIF('United Games Against'!$A$5:$A$22,K$5,'United Games Against'!S$5:S$22) -> 7 | X21: =AVERAGEIF('United Games Against'!$A$5:$A$22,L$5,'United Games Against'!S$5:S$22) -> 16 | Y21: =AVERAGEIF('United Games Against'!$A$5:$A$22,M$5,'United Games Against'!S$5:S$22) -> 12.5 | Z21: =AVERAGEIF('United Games Against'!$A$5:$A$22,N$5,'United Games Against'!S$5:S$22) -> 5 | AB21: =D21-P21 -> 14 | AC21: =E21-Q21 -> -6.5 | AD21: =F21-R21 -> 7 | AE21: =G21-S21 -> 11 | AF21: =H21-T21 -> 0 | AG21: =I21-U21 -> 4 | AH21: =J21-V21 -> -3 | AI21: =K21-W21 -> 9 | ... AL21: =N21-Z21 -> 24
A22: RP | B22: Ranking points (Premier Data impact score) | C22: Y | D22: =AVERAGEIF('United Games For'!$A$5:$A$22,D$5,'United Games For'!T$5:T$22) -> 1932 | E22: =AVERAGEIF('United Games For'!$A$5:$A$22,E$5,'United Games For'!T$5:T$22) -> 1501 | F22: =AVERAGEIF('United Games For'!$A$5:$A$22,F$5,'United Games For'!T$5:T$22) -> 1501.5 | G22: =AVERAGEIF('United Games For'!$A$5:$A$22,G$5,'United Games For'!T$5:T$22) -> 1657 | H22: =AVERAGEIF('United Games For'!$A$5:$A$22,H$5,'United Games For'!T$5:T$22) -> 1642.5 | I22: =AVERAGEIF('United Games For'!$A$5:$A$22,I$5,'United Games For'!T$5:T$22) -> 1515.5 | J22: =AVERAGEIF('United Games For'!$A$5:$A$22,J$5,'United Games For'!T$5:T$22) -> 1415 | K22: =AVERAGEIF('United Games For'!$A$5:$A$22,K$5,'United Games For'!T$5:T$22) -> 1633 | L22: =AVERAGEIF('United Games For'!$A$5:$A$22,L$5,'United Games For'!T$5:T$22) -> 1257.5 | M22: =AVERAGEIF('United Games For'!$A$5:$A$22,M$5,'United Games For'!T$5:T$22) -> 1712.5 | N22: =AVERAGEIF('United Games For'!$A$5:$A$22,N$5,'United Games For'!T$5:T$22) -> 2110.5 | P22: =AVERAGEIF('United Games Against'!$A$5:$A$22,D$5,'United Games Against'!T$5:T$22) -> 1179 | Q22: =AVERAGEIF('United Games Against'!$A$5:$A$22,E$5,'United Games Against'!T$5:T$22) -> 1793 | R22: =AVERAGEIF('United Games Against'!$A$5:$A$22,F$5,'United Games Against'!T$5:T$22) -> 1316 | S22: =AVERAGEIF('United Games Against'!$A$5:$A$22,G$5,'United Games Against'!T$5:T$22) -> 1540 | T22: =AVERAGEIF('United Games Against'!$A$5:$A$22,H$5,'United Games Against'!T$5:T$22) -> 1544 | U22: =AVERAGEIF('United Games Against'!$A$5:$A$22,I$5,'United Games Against'!T$5:T$22) -> 1444.5 | V22: =AVERAGEIF('United Games Against'!$A$5:$A$22,J$5,'United Games Against'!T$5:T$22) -> 1593 | W22: =AVERAGEIF('United Games Against'!$A$5:$A$22,K$5,'United Games Against'!T$5:T$22) -> 1278 | X22: =AVERAGEIF('United Games Against'!$A$5:$A$22,L$5,'United Games Against'!T$5:T$22) -> 1556.5 | Y22: =AVERAGEIF('United Games Against'!$A$5:$A$22,M$5,'United Games Against'!T$5:T$22) -> 1579 | Z22: =AVERAGEIF('United Games Against'!$A$5:$A$22,N$5,'United Games Against'!T$5:T$22) -> 1255.5 | AB22: =D22-P22 -> 753 | AC22: =E22-Q22 -> -292 | AD22: =F22-R22 -> 185.5 | AE22: =G22-S22 -> 117 | AF22: =H22-T22 -> 98.5 | AG22: =I22-U22 -> 71 | AH22: =J22-V22 -> -178 | AI22: =K22-W22 -> 355 | ... AL22: =N22-Z22 -> 855
A23: HO | B23: Hit outs | C23: ? | D23: =AVERAGEIF('United Games For'!$A$5:$A$22,D$5,'United Games For'!U$5:U$22) -> 39 | E23: =AVERAGEIF('United Games For'!$A$5:$A$22,E$5,'United Games For'!U$5:U$22) -> 63 | F23: =AVERAGEIF('United Games For'!$A$5:$A$22,F$5,'United Games For'!U$5:U$22) -> 56.5 | G23: =AVERAGEIF('United Games For'!$A$5:$A$22,G$5,'United Games For'!U$5:U$22) -> 47 | H23: =AVERAGEIF('United Games For'!$A$5:$A$22,H$5,'United Games For'!U$5:U$22) -> 53.5 | I23: =AVERAGEIF('United Games For'!$A$5:$A$22,I$5,'United Games For'!U$5:U$22) -> 56 | J23: =AVERAGEIF('United Games For'!$A$5:$A$22,J$5,'United Games For'!U$5:U$22) -> 63 | K23: =AVERAGEIF('United Games For'!$A$5:$A$22,K$5,'United Games For'!U$5:U$22) -> 44 | L23: =AVERAGEIF('United Games For'!$A$5:$A$22,L$5,'United Games For'!U$5:U$22) -> 54 | M23: =AVERAGEIF('United Games For'!$A$5:$A$22,M$5,'United Games For'!U$5:U$22) -> 70.5 | N23: =AVERAGEIF('United Games For'!$A$5:$A$22,N$5,'United Games For'!U$5:U$22) -> 56 | P23: =AVERAGEIF('United Games Against'!$A$5:$A$22,D$5,'United Games Against'!U$5:U$22) -> 46 | Q23: =AVERAGEIF('United Games Against'!$A$5:$A$22,E$5,'United Games Against'!U$5:U$22) -> 52 | R23: =AVERAGEIF('United Games Against'!$A$5:$A$22,F$5,'United Games Against'!U$5:U$22) -> 20.5 | S23: =AVERAGEIF('United Games Against'!$A$5:$A$22,G$5,'United Games Against'!U$5:U$22) -> 33 | T23: =AVERAGEIF('United Games Against'!$A$5:$A$22,H$5,'United Games Against'!U$5:U$22) -> 38 | U23: =AVERAGEIF('United Games Against'!$A$5:$A$22,I$5,'United Games Against'!U$5:U$22) -> 51 | V23: =AVERAGEIF('United Games Against'!$A$5:$A$22,J$5,'United Games Against'!U$5:U$22) -> 43 | W23: =AVERAGEIF('United Games Against'!$A$5:$A$22,K$5,'United Games Against'!U$5:U$22) -> 56 | X23: =AVERAGEIF('United Games Against'!$A$5:$A$22,L$5,'United Games Against'!U$5:U$22) -> 45.5 | Y23: =AVERAGEIF('United Games Against'!$A$5:$A$22,M$5,'United Games Against'!U$5:U$22) -> 30 | Z23: =AVERAGEIF('United Games Against'!$A$5:$A$22,N$5,'United Games Against'!U$5:U$22) -> 34.5 | AB23: =D23-P23 -> -7 | AC23: =E23-Q23 -> 11 | AD23: =F23-R23 -> 36 | AE23: =G23-S23 -> 14 | AF23: =H23-T23 -> 15.5 | AG23: =I23-U23 -> 5 | AH23: =J23-V23 -> 20 | AI23: =K23-W23 -> -12 | ... AL23: =N23-Z23 -> 21.5
A24: HOA | B24: Hit outs to advantage | C24: Y | D24: =AVERAGEIF('United Games For'!$A$5:$A$22,D$5,'United Games For'!V$5:V$22) -> 11 | E24: =AVERAGEIF('United Games For'!$A$5:$A$22,E$5,'United Games For'!V$5:V$22) -> 12 | F24: =AVERAGEIF('United Games For'!$A$5:$A$22,F$5,'United Games For'!V$5:V$22) -> 11 | G24: =AVERAGEIF('United Games For'!$A$5:$A$22,G$5,'United Games For'!V$5:V$22) -> 7 | H24: =AVERAGEIF('United Games For'!$A$5:$A$22,H$5,'United Games For'!V$5:V$22) -> 12.5 | I24: =AVERAGEIF('United Games For'!$A$5:$A$22,I$5,'United Games For'!V$5:V$22) -> 9 | J24: =AVERAGEIF('United Games For'!$A$5:$A$22,J$5,'United Games For'!V$5:V$22) -> 11 | K24: =AVERAGEIF('United Games For'!$A$5:$A$22,K$5,'United Games For'!V$5:V$22) -> 7 | L24: =AVERAGEIF('United Games For'!$A$5:$A$22,L$5,'United Games For'!V$5:V$22) -> 11 | M24: =AVERAGEIF('United Games For'!$A$5:$A$22,M$5,'United Games For'!V$5:V$22) -> 17 | N24: =AVERAGEIF('United Games For'!$A$5:$A$22,N$5,'United Games For'!V$5:V$22) -> 15.5 | P24: =AVERAGEIF('United Games Against'!$A$5:$A$22,D$5,'United Games Against'!V$5:V$22) -> 5 | Q24: =AVERAGEIF('United Games Against'!$A$5:$A$22,E$5,'United Games Against'!V$5:V$22) -> 10.5 | R24: =AVERAGEIF('United Games Against'!$A$5:$A$22,F$5,'United Games Against'!V$5:V$22) -> 3.5 | S24: =AVERAGEIF('United Games Against'!$A$5:$A$22,G$5,'United Games Against'!V$5:V$22) -> 4 | T24: =AVERAGEIF('United Games Against'!$A$5:$A$22,H$5,'United Games Against'!V$5:V$22) -> 11 | U24: =AVERAGEIF('United Games Against'!$A$5:$A$22,I$5,'United Games Against'!V$5:V$22) -> 10 | V24: =AVERAGEIF('United Games Against'!$A$5:$A$22,J$5,'United Games Against'!V$5:V$22) -> 8 | W24: =AVERAGEIF('United Games Against'!$A$5:$A$22,K$5,'United Games Against'!V$5:V$22) -> 8 | X24: =AVERAGEIF('United Games Against'!$A$5:$A$22,L$5,'United Games Against'!V$5:V$22) -> 10.5 | Y24: =AVERAGEIF('United Games Against'!$A$5:$A$22,M$5,'United Games Against'!V$5:V$22) -> 5.5 | Z24: =AVERAGEIF('United Games Against'!$A$5:$A$22,N$5,'United Games Against'!V$5:V$22) -> 5 | AB24: =D24-P24 -> 6 | AC24: =E24-Q24 -> 1.5 | AD24: =F24-R24 -> 7.5 | AE24: =G24-S24 -> 3 | AF24: =H24-T24 -> 1.5 | AG24: =I24-U24 -> -1 | AH24: =J24-V24 -> 3 | AI24: =K24-W24 -> -1 | ... AL24: =N24-Z24 -> 10.5
A25: Cl | B25: Clearances | C25: Y | D25: =AVERAGEIF('United Games For'!$A$5:$A$22,D$5,'United Games For'!W$5:W$22) -> 38 | E25: =AVERAGEIF('United Games For'!$A$5:$A$22,E$5,'United Games For'!W$5:W$22) -> 38.5 | F25: =AVERAGEIF('United Games For'!$A$5:$A$22,F$5,'United Games For'!W$5:W$22) -> 38 | G25: =AVERAGEIF('United Games For'!$A$5:$A$22,G$5,'United Games For'!W$5:W$22) -> 45 | H25: =AVERAGEIF('United Games For'!$A$5:$A$22,H$5,'United Games For'!W$5:W$22) -> 43.5 | I25: =AVERAGEIF('United Games For'!$A$5:$A$22,I$5,'United Games For'!W$5:W$22) -> 42 | J25: =AVERAGEIF('United Games For'!$A$5:$A$22,J$5,'United Games For'!W$5:W$22) -> 33 | K25: =AVERAGEIF('United Games For'!$A$5:$A$22,K$5,'United Games For'!W$5:W$22) -> 43 | L25: =AVERAGEIF('United Games For'!$A$5:$A$22,L$5,'United Games For'!W$5:W$22) -> 45.5 | M25: =AVERAGEIF('United Games For'!$A$5:$A$22,M$5,'United Games For'!W$5:W$22) -> 50.5 | N25: =AVERAGEIF('United Games For'!$A$5:$A$22,N$5,'United Games For'!W$5:W$22) -> 38.5 | P25: =AVERAGEIF('United Games Against'!$A$5:$A$22,D$5,'United Games Against'!W$5:W$22) -> 32 | Q25: =AVERAGEIF('United Games Against'!$A$5:$A$22,E$5,'United Games Against'!W$5:W$22) -> 54 | R25: =AVERAGEIF('United Games Against'!$A$5:$A$22,F$5,'United Games Against'!W$5:W$22) -> 28 | S25: =AVERAGEIF('United Games Against'!$A$5:$A$22,G$5,'United Games Against'!W$5:W$22) -> 41 | T25: =AVERAGEIF('United Games Against'!$A$5:$A$22,H$5,'United Games Against'!W$5:W$22) -> 44.5 | U25: =AVERAGEIF('United Games Against'!$A$5:$A$22,I$5,'United Games Against'!W$5:W$22) -> 46.5 | V25: =AVERAGEIF('United Games Against'!$A$5:$A$22,J$5,'United Games Against'!W$5:W$22) -> 52 | W25: =AVERAGEIF('United Games Against'!$A$5:$A$22,K$5,'United Games Against'!W$5:W$22) -> 49 | X25: =AVERAGEIF('United Games Against'!$A$5:$A$22,L$5,'United Games Against'!W$5:W$22) -> 38.5 | Y25: =AVERAGEIF('United Games Against'!$A$5:$A$22,M$5,'United Games Against'!W$5:W$22) -> 42 | Z25: =AVERAGEIF('United Games Against'!$A$5:$A$22,N$5,'United Games Against'!W$5:W$22) -> 34 | AB25: =D25-P25 -> 6 | AC25: =E25-Q25 -> -15.5 | AD25: =F25-R25 -> 10 | AE25: =G25-S25 -> 4 | AF25: =H25-T25 -> -1 | AG25: =I25-U25 -> -4.5 | AH25: =J25-V25 -> -19 | AI25: =K25-W25 -> -6 | ... AL25: =N25-Z25 -> 4.5
A26: CC | B26: Centre clearances | C26: Y | D26: =AVERAGEIF('United Games For'!$A$5:$A$22,D$5,'United Games For'!X$5:X$22) -> 16 | E26: =AVERAGEIF('United Games For'!$A$5:$A$22,E$5,'United Games For'!X$5:X$22) -> 9.5 | F26: =AVERAGEIF('United Games For'!$A$5:$A$22,F$5,'United Games For'!X$5:X$22) -> 9.5 | G26: =AVERAGEIF('United Games For'!$A$5:$A$22,G$5,'United Games For'!X$5:X$22) -> 11 | H26: =AVERAGEIF('United Games For'!$A$5:$A$22,H$5,'United Games For'!X$5:X$22) -> 12 | I26: =AVERAGEIF('United Games For'!$A$5:$A$22,I$5,'United Games For'!X$5:X$22) -> 9 | J26: =AVERAGEIF('United Games For'!$A$5:$A$22,J$5,'United Games For'!X$5:X$22) -> 7 | K26: =AVERAGEIF('United Games For'!$A$5:$A$22,K$5,'United Games For'!X$5:X$22) -> 8 | L26: =AVERAGEIF('United Games For'!$A$5:$A$22,L$5,'United Games For'!X$5:X$22) -> 7.5 | M26: =AVERAGEIF('United Games For'!$A$5:$A$22,M$5,'United Games For'!X$5:X$22) -> 11 | N26: =AVERAGEIF('United Games For'!$A$5:$A$22,N$5,'United Games For'!X$5:X$22) -> 10.5 | P26: =AVERAGEIF('United Games Against'!$A$5:$A$22,D$5,'United Games Against'!X$5:X$22) -> 10 | Q26: =AVERAGEIF('United Games Against'!$A$5:$A$22,E$5,'United Games Against'!X$5:X$22) -> 14 | R26: =AVERAGEIF('United Games Against'!$A$5:$A$22,F$5,'United Games Against'!X$5:X$22) -> 5.5 | S26: =AVERAGEIF('United Games Against'!$A$5:$A$22,G$5,'United Games Against'!X$5:X$22) -> 13 | T26: =AVERAGEIF('United Games Against'!$A$5:$A$22,H$5,'United Games Against'!X$5:X$22) -> 16 | U26: =AVERAGEIF('United Games Against'!$A$5:$A$22,I$5,'United Games Against'!X$5:X$22) -> 8.5 | V26: =AVERAGEIF('United Games Against'!$A$5:$A$22,J$5,'United Games Against'!X$5:X$22) -> 8 | W26: =AVERAGEIF('United Games Against'!$A$5:$A$22,K$5,'United Games Against'!X$5:X$22) -> 8 | X26: =AVERAGEIF('United Games Against'!$A$5:$A$22,L$5,'United Games Against'!X$5:X$22) -> 8 | Y26: =AVERAGEIF('United Games Against'!$A$5:$A$22,M$5,'United Games Against'!X$5:X$22) -> 9 | Z26: =AVERAGEIF('United Games Against'!$A$5:$A$22,N$5,'United Games Against'!X$5:X$22) -> 12 | AB26: =D26-P26 -> 6 | AC26: =E26-Q26 -> -4.5 | AD26: =F26-R26 -> 4 | AE26: =G26-S26 -> -2 | AF26: =H26-T26 -> -4 | AG26: =I26-U26 -> 0.5 | AH26: =J26-V26 -> -1 | AI26: =K26-W26 -> 0 | ... AL26: =N26-Z26 -> -1.5
A27: BUC | B27: Ball-up clearances | C27: Y | D27: =AVERAGEIF('United Games For'!$A$5:$A$22,D$5,'United Games For'!Y$5:Y$22) -> 15 | E27: =AVERAGEIF('United Games For'!$A$5:$A$22,E$5,'United Games For'!Y$5:Y$22) -> 18.5 | F27: =AVERAGEIF('United Games For'!$A$5:$A$22,F$5,'United Games For'!Y$5:Y$22) -> 20 | G27: =AVERAGEIF('United Games For'!$A$5:$A$22,G$5,'United Games For'!Y$5:Y$22) -> 20 | H27: =AVERAGEIF('United Games For'!$A$5:$A$22,H$5,'United Games For'!Y$5:Y$22) -> 18.5 | I27: =AVERAGEIF('United Games For'!$A$5:$A$22,I$5,'United Games For'!Y$5:Y$22) -> 19 | J27: =AVERAGEIF('United Games For'!$A$5:$A$22,J$5,'United Games For'!Y$5:Y$22) -> 21 | K27: =AVERAGEIF('United Games For'!$A$5:$A$22,K$5,'United Games For'!Y$5:Y$22) -> 25 | L27: =AVERAGEIF('United Games For'!$A$5:$A$22,L$5,'United Games For'!Y$5:Y$22) -> 22.5 | M27: =AVERAGEIF('United Games For'!$A$5:$A$22,M$5,'United Games For'!Y$5:Y$22) -> 23 | N27: =AVERAGEIF('United Games For'!$A$5:$A$22,N$5,'United Games For'!Y$5:Y$22) -> 18.5 | P27: =AVERAGEIF('United Games Against'!$A$5:$A$22,D$5,'United Games Against'!Y$5:Y$22) -> 14 | Q27: =AVERAGEIF('United Games Against'!$A$5:$A$22,E$5,'United Games Against'!Y$5:Y$22) -> 25 | R27: =AVERAGEIF('United Games Against'!$A$5:$A$22,F$5,'United Games Against'!Y$5:Y$22) -> 13 | S27: =AVERAGEIF('United Games Against'!$A$5:$A$22,G$5,'United Games Against'!Y$5:Y$22) -> 16 | T27: =AVERAGEIF('United Games Against'!$A$5:$A$22,H$5,'United Games Against'!Y$5:Y$22) -> 17 | U27: =AVERAGEIF('United Games Against'!$A$5:$A$22,I$5,'United Games Against'!Y$5:Y$22) -> 22.5 | V27: =AVERAGEIF('United Games Against'!$A$5:$A$22,J$5,'United Games Against'!Y$5:Y$22) -> 30 | W27: =AVERAGEIF('United Games Against'!$A$5:$A$22,K$5,'United Games Against'!Y$5:Y$22) -> 25 | X27: =AVERAGEIF('United Games Against'!$A$5:$A$22,L$5,'United Games Against'!Y$5:Y$22) -> 18.5 | Y27: =AVERAGEIF('United Games Against'!$A$5:$A$22,M$5,'United Games Against'!Y$5:Y$22) -> 22 | Z27: =AVERAGEIF('United Games Against'!$A$5:$A$22,N$5,'United Games Against'!Y$5:Y$22) -> 12 | AB27: =D27-P27 -> 1 | AC27: =E27-Q27 -> -6.5 | AD27: =F27-R27 -> 7 | AE27: =G27-S27 -> 4 | AF27: =H27-T27 -> 1.5 | AG27: =I27-U27 -> -3.5 | AH27: =J27-V27 -> -9 | AI27: =K27-W27 -> 0 | ... AL27: =N27-Z27 -> 6.5
A28: TIC | B28: Throw-in clearances | C28: Y | D28: =AVERAGEIF('United Games For'!$A$5:$A$22,D$5,'United Games For'!Z$5:Z$22) -> 7 | E28: =AVERAGEIF('United Games For'!$A$5:$A$22,E$5,'United Games For'!Z$5:Z$22) -> 10.5 | F28: =AVERAGEIF('United Games For'!$A$5:$A$22,F$5,'United Games For'!Z$5:Z$22) -> 8.5 | G28: =AVERAGEIF('United Games For'!$A$5:$A$22,G$5,'United Games For'!Z$5:Z$22) -> 14 | H28: =AVERAGEIF('United Games For'!$A$5:$A$22,H$5,'United Games For'!Z$5:Z$22) -> 13 | I28: =AVERAGEIF('United Games For'!$A$5:$A$22,I$5,'United Games For'!Z$5:Z$22) -> 14 | J28: =AVERAGEIF('United Games For'!$A$5:$A$22,J$5,'United Games For'!Z$5:Z$22) -> 5 | K28: =AVERAGEIF('United Games For'!$A$5:$A$22,K$5,'United Games For'!Z$5:Z$22) -> 10 | L28: =AVERAGEIF('United Games For'!$A$5:$A$22,L$5,'United Games For'!Z$5:Z$22) -> 15.5 | M28: =AVERAGEIF('United Games For'!$A$5:$A$22,M$5,'United Games For'!Z$5:Z$22) -> 16.5 | N28: =AVERAGEIF('United Games For'!$A$5:$A$22,N$5,'United Games For'!Z$5:Z$22) -> 9.5 | P28: =AVERAGEIF('United Games Against'!$A$5:$A$22,D$5,'United Games Against'!Z$5:Z$22) -> 8 | Q28: =AVERAGEIF('United Games Against'!$A$5:$A$22,E$5,'United Games Against'!Z$5:Z$22) -> 15 | R28: =AVERAGEIF('United Games Against'!$A$5:$A$22,F$5,'United Games Against'!Z$5:Z$22) -> 9.5 | S28: =AVERAGEIF('United Games Against'!$A$5:$A$22,G$5,'United Games Against'!Z$5:Z$22) -> 12 | T28: =AVERAGEIF('United Games Against'!$A$5:$A$22,H$5,'United Games Against'!Z$5:Z$22) -> 11.5 | U28: =AVERAGEIF('United Games Against'!$A$5:$A$22,I$5,'United Games Against'!Z$5:Z$22) -> 15.5 | V28: =AVERAGEIF('United Games Against'!$A$5:$A$22,J$5,'United Games Against'!Z$5:Z$22) -> 14 | W28: =AVERAGEIF('United Games Against'!$A$5:$A$22,K$5,'United Games Against'!Z$5:Z$22) -> 16 | X28: =AVERAGEIF('United Games Against'!$A$5:$A$22,L$5,'United Games Against'!Z$5:Z$22) -> 12 | Y28: =AVERAGEIF('United Games Against'!$A$5:$A$22,M$5,'United Games Against'!Z$5:Z$22) -> 11 | Z28: =AVERAGEIF('United Games Against'!$A$5:$A$22,N$5,'United Games Against'!Z$5:Z$22) -> 10 | AB28: =D28-P28 -> -1 | AC28: =E28-Q28 -> -4.5 | AD28: =F28-R28 -> -1 | AE28: =G28-S28 -> 2 | AF28: =H28-T28 -> 1.5 | AG28: =I28-U28 -> -1.5 | AH28: =J28-V28 -> -9 | AI28: =K28-W28 -> -6 | ... AL28: =N28-Z28 -> -0.5
A29: I50 | B29: Inside 50s | C29: Y | D29: =AVERAGEIF('United Games For'!$A$5:$A$22,D$5,'United Games For'!AA$5:AA$22) -> 61 | E29: =AVERAGEIF('United Games For'!$A$5:$A$22,E$5,'United Games For'!AA$5:AA$22) -> 40 | F29: =AVERAGEIF('United Games For'!$A$5:$A$22,F$5,'United Games For'!AA$5:AA$22) -> 44.5 | G29: =AVERAGEIF('United Games For'!$A$5:$A$22,G$5,'United Games For'!AA$5:AA$22) -> 48 | H29: =AVERAGEIF('United Games For'!$A$5:$A$22,H$5,'United Games For'!AA$5:AA$22) -> 45 | I29: =AVERAGEIF('United Games For'!$A$5:$A$22,I$5,'United Games For'!AA$5:AA$22) -> 51 | J29: =AVERAGEIF('United Games For'!$A$5:$A$22,J$5,'United Games For'!AA$5:AA$22) -> 36 | K29: =AVERAGEIF('United Games For'!$A$5:$A$22,K$5,'United Games For'!AA$5:AA$22) -> 46 | L29: =AVERAGEIF('United Games For'!$A$5:$A$22,L$5,'United Games For'!AA$5:AA$22) -> 38 | M29: =AVERAGEIF('United Games For'!$A$5:$A$22,M$5,'United Games For'!AA$5:AA$22) -> 58 | N29: =AVERAGEIF('United Games For'!$A$5:$A$22,N$5,'United Games For'!AA$5:AA$22) -> 63 | P29: =AVERAGEIF('United Games Against'!$A$5:$A$22,D$5,'United Games Against'!AA$5:AA$22) -> 30 | Q29: =AVERAGEIF('United Games Against'!$A$5:$A$22,E$5,'United Games Against'!AA$5:AA$22) -> 52 | R29: =AVERAGEIF('United Games Against'!$A$5:$A$22,F$5,'United Games Against'!AA$5:AA$22) -> 33.5 | S29: =AVERAGEIF('United Games Against'!$A$5:$A$22,G$5,'United Games Against'!AA$5:AA$22) -> 47 | T29: =AVERAGEIF('United Games Against'!$A$5:$A$22,H$5,'United Games Against'!AA$5:AA$22) -> 51.5 | U29: =AVERAGEIF('United Games Against'!$A$5:$A$22,I$5,'United Games Against'!AA$5:AA$22) -> 41 | V29: =AVERAGEIF('United Games Against'!$A$5:$A$22,J$5,'United Games Against'!AA$5:AA$22) -> 56 | W29: =AVERAGEIF('United Games Against'!$A$5:$A$22,K$5,'United Games Against'!AA$5:AA$22) -> 37 | X29: =AVERAGEIF('United Games Against'!$A$5:$A$22,L$5,'United Games Against'!AA$5:AA$22) -> 47 | Y29: =AVERAGEIF('United Games Against'!$A$5:$A$22,M$5,'United Games Against'!AA$5:AA$22) -> 44 | Z29: =AVERAGEIF('United Games Against'!$A$5:$A$22,N$5,'United Games Against'!AA$5:AA$22) -> 26.5 | AB29: =D29-P29 -> 31 | AC29: =E29-Q29 -> -12 | AD29: =F29-R29 -> 11 | AE29: =G29-S29 -> 1 | AF29: =H29-T29 -> -6.5 | AG29: =I29-U29 -> 10 | AH29: =J29-V29 -> -20 | AI29: =K29-W29 -> 9 | ... AL29: =N29-Z29 -> 36.5
A30: R50 | B30: Rebound 50s | C30: ? | D30: =AVERAGEIF('United Games For'!$A$5:$A$22,D$5,'United Games For'!AB$5:AB$22) -> 24 | E30: =AVERAGEIF('United Games For'!$A$5:$A$22,E$5,'United Games For'!AB$5:AB$22) -> 30 | F30: =AVERAGEIF('United Games For'!$A$5:$A$22,F$5,'United Games For'!AB$5:AB$22) -> 25.5 | G30: =AVERAGEIF('United Games For'!$A$5:$A$22,G$5,'United Games For'!AB$5:AB$22) -> 37 | H30: =AVERAGEIF('United Games For'!$A$5:$A$22,H$5,'United Games For'!AB$5:AB$22) -> 36.5 | I30: =AVERAGEIF('United Games For'!$A$5:$A$22,I$5,'United Games For'!AB$5:AB$22) -> 28.5 | J30: =AVERAGEIF('United Games For'!$A$5:$A$22,J$5,'United Games For'!AB$5:AB$22) -> 45 | K30: =AVERAGEIF('United Games For'!$A$5:$A$22,K$5,'United Games For'!AB$5:AB$22) -> 28 | L30: =AVERAGEIF('United Games For'!$A$5:$A$22,L$5,'United Games For'!AB$5:AB$22) -> 33.5 | M30: =AVERAGEIF('United Games For'!$A$5:$A$22,M$5,'United Games For'!AB$5:AB$22) -> 34.5 | N30: =AVERAGEIF('United Games For'!$A$5:$A$22,N$5,'United Games For'!AB$5:AB$22) -> 21.5 | P30: =AVERAGEIF('United Games Against'!$A$5:$A$22,D$5,'United Games Against'!AB$5:AB$22) -> 39 | Q30: =AVERAGEIF('United Games Against'!$A$5:$A$22,E$5,'United Games Against'!AB$5:AB$22) -> 32 | R30: =AVERAGEIF('United Games Against'!$A$5:$A$22,F$5,'United Games Against'!AB$5:AB$22) -> 32.5 | S30: =AVERAGEIF('United Games Against'!$A$5:$A$22,G$5,'United Games Against'!AB$5:AB$22) -> 38 | T30: =AVERAGEIF('United Games Against'!$A$5:$A$22,H$5,'United Games Against'!AB$5:AB$22) -> 29.5 | U30: =AVERAGEIF('United Games Against'!$A$5:$A$22,I$5,'United Games Against'!AB$5:AB$22) -> 43.5 | V30: =AVERAGEIF('United Games Against'!$A$5:$A$22,J$5,'United Games Against'!AB$5:AB$22) -> 31 | W30: =AVERAGEIF('United Games Against'!$A$5:$A$22,K$5,'United Games Against'!AB$5:AB$22) -> 40 | X30: =AVERAGEIF('United Games Against'!$A$5:$A$22,L$5,'United Games Against'!AB$5:AB$22) -> 33.5 | Y30: =AVERAGEIF('United Games Against'!$A$5:$A$22,M$5,'United Games Against'!AB$5:AB$22) -> 44 | Z30: =AVERAGEIF('United Games Against'!$A$5:$A$22,N$5,'United Games Against'!AB$5:AB$22) -> 40.5 | AB30: =D30-P30 -> -15 | AC30: =E30-Q30 -> -2 | AD30: =F30-R30 -> -7 | AE30: =G30-S30 -> -1 | AF30: =H30-T30 -> 7 | AG30: =I30-U30 -> -15 | AH30: =J30-V30 -> 14 | AI30: =K30-W30 -> -12 | ... AL30: =N30-Z30 -> -19
A31: FF | B31: Frees for | C31: Y | D31: =AVERAGEIF('United Games For'!$A$5:$A$22,D$5,'United Games For'!AC$5:AC$22) -> 21 | E31: =AVERAGEIF('United Games For'!$A$5:$A$22,E$5,'United Games For'!AC$5:AC$22) -> 16.5 | F31: =AVERAGEIF('United Games For'!$A$5:$A$22,F$5,'United Games For'!AC$5:AC$22) -> 14 | G31: =AVERAGEIF('United Games For'!$A$5:$A$22,G$5,'United Games For'!AC$5:AC$22) -> 16 | H31: =AVERAGEIF('United Games For'!$A$5:$A$22,H$5,'United Games For'!AC$5:AC$22) -> 19 | I31: =AVERAGEIF('United Games For'!$A$5:$A$22,I$5,'United Games For'!AC$5:AC$22) -> 22 | J31: =AVERAGEIF('United Games For'!$A$5:$A$22,J$5,'United Games For'!AC$5:AC$22) -> 24 | K31: =AVERAGEIF('United Games For'!$A$5:$A$22,K$5,'United Games For'!AC$5:AC$22) -> 19 | L31: =AVERAGEIF('United Games For'!$A$5:$A$22,L$5,'United Games For'!AC$5:AC$22) -> 19.5 | M31: =AVERAGEIF('United Games For'!$A$5:$A$22,M$5,'United Games For'!AC$5:AC$22) -> 17.5 | N31: =AVERAGEIF('United Games For'!$A$5:$A$22,N$5,'United Games For'!AC$5:AC$22) -> 15.5 | P31: =AVERAGEIF('United Games Against'!$A$5:$A$22,D$5,'United Games Against'!AC$5:AC$22) -> 27 | Q31: =AVERAGEIF('United Games Against'!$A$5:$A$22,E$5,'United Games Against'!AC$5:AC$22) -> 15.5 | R31: =AVERAGEIF('United Games Against'!$A$5:$A$22,F$5,'United Games Against'!AC$5:AC$22) -> 15 | S31: =AVERAGEIF('United Games Against'!$A$5:$A$22,G$5,'United Games Against'!AC$5:AC$22) -> 12 | T31: =AVERAGEIF('United Games Against'!$A$5:$A$22,H$5,'United Games Against'!AC$5:AC$22) -> 26.5 | U31: =AVERAGEIF('United Games Against'!$A$5:$A$22,I$5,'United Games Against'!AC$5:AC$22) -> 27 | V31: =AVERAGEIF('United Games Against'!$A$5:$A$22,J$5,'United Games Against'!AC$5:AC$22) -> 24 | W31: =AVERAGEIF('United Games Against'!$A$5:$A$22,K$5,'United Games Against'!AC$5:AC$22) -> 22 | X31: =AVERAGEIF('United Games Against'!$A$5:$A$22,L$5,'United Games Against'!AC$5:AC$22) -> 22.5 | Y31: =AVERAGEIF('United Games Against'!$A$5:$A$22,M$5,'United Games Against'!AC$5:AC$22) -> 17.5 | Z31: =AVERAGEIF('United Games Against'!$A$5:$A$22,N$5,'United Games Against'!AC$5:AC$22) -> 11 | AB31: =D31-P31 -> -6 | AC31: =E31-Q31 -> 1 | AD31: =F31-R31 -> -1 | AE31: =G31-S31 -> 4 | AF31: =H31-T31 -> -7.5 | AG31: =I31-U31 -> -5 | AH31: =J31-V31 -> 0 | AI31: =K31-W31 -> -3 | ... AL31: =N31-Z31 -> 4.5
A32: KI | B32: Kick-ins | C32: ? | D32: =AVERAGEIF('United Games For'!$A$5:$A$22,D$5,'United Games For'!AD$5:AD$22) -> 4 | E32: =AVERAGEIF('United Games For'!$A$5:$A$22,E$5,'United Games For'!AD$5:AD$22) -> 8 | F32: =AVERAGEIF('United Games For'!$A$5:$A$22,F$5,'United Games For'!AD$5:AD$22) -> 11 | G32: =AVERAGEIF('United Games For'!$A$5:$A$22,G$5,'United Games For'!AD$5:AD$22) -> 7 | H32: =AVERAGEIF('United Games For'!$A$5:$A$22,H$5,'United Games For'!AD$5:AD$22) -> 14 | I32: =AVERAGEIF('United Games For'!$A$5:$A$22,I$5,'United Games For'!AD$5:AD$22) -> 10 | J32: =AVERAGEIF('United Games For'!$A$5:$A$22,J$5,'United Games For'!AD$5:AD$22) -> 10 | K32: =AVERAGEIF('United Games For'!$A$5:$A$22,K$5,'United Games For'!AD$5:AD$22) -> 7 | L32: =AVERAGEIF('United Games For'!$A$5:$A$22,L$5,'United Games For'!AD$5:AD$22) -> 9 | M32: =AVERAGEIF('United Games For'!$A$5:$A$22,M$5,'United Games For'!AD$5:AD$22) -> 11 | N32: =AVERAGEIF('United Games For'!$A$5:$A$22,N$5,'United Games For'!AD$5:AD$22) -> 5.5 | P32: =AVERAGEIF('United Games Against'!$A$5:$A$22,D$5,'United Games Against'!AD$5:AD$22) -> 10 | Q32: =AVERAGEIF('United Games Against'!$A$5:$A$22,E$5,'United Games Against'!AD$5:AD$22) -> 11.5 | R32: =AVERAGEIF('United Games Against'!$A$5:$A$22,F$5,'United Games Against'!AD$5:AD$22) -> 10.5 | S32: =AVERAGEIF('United Games Against'!$A$5:$A$22,G$5,'United Games Against'!AD$5:AD$22) -> 19 | T32: =AVERAGEIF('United Games Against'!$A$5:$A$22,H$5,'United Games Against'!AD$5:AD$22) -> 9 | U32: =AVERAGEIF('United Games Against'!$A$5:$A$22,I$5,'United Games Against'!AD$5:AD$22) -> 11 | V32: =AVERAGEIF('United Games Against'!$A$5:$A$22,J$5,'United Games Against'!AD$5:AD$22) -> 12 | W32: =AVERAGEIF('United Games Against'!$A$5:$A$22,K$5,'United Games Against'!AD$5:AD$22) -> 15 | X32: =AVERAGEIF('United Games Against'!$A$5:$A$22,L$5,'United Games Against'!AD$5:AD$22) -> 5.5 | Y32: =AVERAGEIF('United Games Against'!$A$5:$A$22,M$5,'United Games Against'!AD$5:AD$22) -> 11.5 | Z32: =AVERAGEIF('United Games Against'!$A$5:$A$22,N$5,'United Games Against'!AD$5:AD$22) -> 15 | AB32: =D32-P32 -> -6 | AC32: =E32-Q32 -> -3.5 | AD32: =F32-R32 -> 0.5 | AE32: =G32-S32 -> -12 | AF32: =H32-T32 -> 5 | AG32: =I32-U32 -> -1 | AH32: =J32-V32 -> -2 | AI32: =K32-W32 -> -8 | ... AL32: =N32-Z32 -> -9.5
A33: 1% | B33: One-percenters | C33: Y | D33: =AVERAGEIF('United Games For'!$A$5:$A$22,D$5,'United Games For'!AE$5:AE$22) -> 42 | E33: =AVERAGEIF('United Games For'!$A$5:$A$22,E$5,'United Games For'!AE$5:AE$22) -> 35 | F33: =AVERAGEIF('United Games For'!$A$5:$A$22,F$5,'United Games For'!AE$5:AE$22) -> 29.5 | G33: =AVERAGEIF('United Games For'!$A$5:$A$22,G$5,'United Games For'!AE$5:AE$22) -> 72 | H33: =AVERAGEIF('United Games For'!$A$5:$A$22,H$5,'United Games For'!AE$5:AE$22) -> 28.5 | I33: =AVERAGEIF('United Games For'!$A$5:$A$22,I$5,'United Games For'!AE$5:AE$22) -> 39 | J33: =AVERAGEIF('United Games For'!$A$5:$A$22,J$5,'United Games For'!AE$5:AE$22) -> 31 | K33: =AVERAGEIF('United Games For'!$A$5:$A$22,K$5,'United Games For'!AE$5:AE$22) -> 57 | L33: =AVERAGEIF('United Games For'!$A$5:$A$22,L$5,'United Games For'!AE$5:AE$22) -> 29.5 | M33: =AVERAGEIF('United Games For'!$A$5:$A$22,M$5,'United Games For'!AE$5:AE$22) -> 36.5 | N33: =AVERAGEIF('United Games For'!$A$5:$A$22,N$5,'United Games For'!AE$5:AE$22) -> 28 | P33: =AVERAGEIF('United Games Against'!$A$5:$A$22,D$5,'United Games Against'!AE$5:AE$22) -> 62 | Q33: =AVERAGEIF('United Games Against'!$A$5:$A$22,E$5,'United Games Against'!AE$5:AE$22) -> 39.5 | R33: =AVERAGEIF('United Games Against'!$A$5:$A$22,F$5,'United Games Against'!AE$5:AE$22) -> 43.5 | S33: =AVERAGEIF('United Games Against'!$A$5:$A$22,G$5,'United Games Against'!AE$5:AE$22) -> 48 | T33: =AVERAGEIF('United Games Against'!$A$5:$A$22,H$5,'United Games Against'!AE$5:AE$22) -> 38 | U33: =AVERAGEIF('United Games Against'!$A$5:$A$22,I$5,'United Games Against'!AE$5:AE$22) -> 41.5 | V33: =AVERAGEIF('United Games Against'!$A$5:$A$22,J$5,'United Games Against'!AE$5:AE$22) -> 47 | W33: =AVERAGEIF('United Games Against'!$A$5:$A$22,K$5,'United Games Against'!AE$5:AE$22) -> 49 | X33: =AVERAGEIF('United Games Against'!$A$5:$A$22,L$5,'United Games Against'!AE$5:AE$22) -> 30 | Y33: =AVERAGEIF('United Games Against'!$A$5:$A$22,M$5,'United Games Against'!AE$5:AE$22) -> 51 | Z33: =AVERAGEIF('United Games Against'!$A$5:$A$22,N$5,'United Games Against'!AE$5:AE$22) -> 39 | AB33: =D33-P33 -> -20 | AC33: =E33-Q33 -> -4.5 | AD33: =F33-R33 -> -14 | AE33: =G33-S33 -> 24 | AF33: =H33-T33 -> -9.5 | AG33: =I33-U33 -> -2.5 | AH33: =J33-V33 -> -16 | AI33: =K33-W33 -> 8 | ... AL33: =N33-Z33 -> -11
A34: TO | B34: Turnovers | C34: N | D34: =AVERAGEIF('United Games For'!$A$5:$A$22,D$5,'United Games For'!AF$5:AF$22) -> 68 | E34: =AVERAGEIF('United Games For'!$A$5:$A$22,E$5,'United Games For'!AF$5:AF$22) -> 65 | F34: =AVERAGEIF('United Games For'!$A$5:$A$22,F$5,'United Games For'!AF$5:AF$22) -> 59.5 | G34: =AVERAGEIF('United Games For'!$A$5:$A$22,G$5,'United Games For'!AF$5:AF$22) -> 63 | H34: =AVERAGEIF('United Games For'!$A$5:$A$22,H$5,'United Games For'!AF$5:AF$22) -> 68.5 | I34: =AVERAGEIF('United Games For'!$A$5:$A$22,I$5,'United Games For'!AF$5:AF$22) -> 72.5 | J34: =AVERAGEIF('United Games For'!$A$5:$A$22,J$5,'United Games For'!AF$5:AF$22) -> 69 | K34: =AVERAGEIF('United Games For'!$A$5:$A$22,K$5,'United Games For'!AF$5:AF$22) -> 61 | L34: =AVERAGEIF('United Games For'!$A$5:$A$22,L$5,'United Games For'!AF$5:AF$22) -> 82.5 | M34: =AVERAGEIF('United Games For'!$A$5:$A$22,M$5,'United Games For'!AF$5:AF$22) -> 78 | N34: =AVERAGEIF('United Games For'!$A$5:$A$22,N$5,'United Games For'!AF$5:AF$22) -> 61 | P34: =AVERAGEIF('United Games Against'!$A$5:$A$22,D$5,'United Games Against'!AF$5:AF$22) -> 77 | Q34: =AVERAGEIF('United Games Against'!$A$5:$A$22,E$5,'United Games Against'!AF$5:AF$22) -> 70.5 | R34: =AVERAGEIF('United Games Against'!$A$5:$A$22,F$5,'United Games Against'!AF$5:AF$22) -> 57 | S34: =AVERAGEIF('United Games Against'!$A$5:$A$22,G$5,'United Games Against'!AF$5:AF$22) -> 63 | T34: =AVERAGEIF('United Games Against'!$A$5:$A$22,H$5,'United Games Against'!AF$5:AF$22) -> 63.5 | U34: =AVERAGEIF('United Games Against'!$A$5:$A$22,I$5,'United Games Against'!AF$5:AF$22) -> 75 | V34: =AVERAGEIF('United Games Against'!$A$5:$A$22,J$5,'United Games Against'!AF$5:AF$22) -> 86 | W34: =AVERAGEIF('United Games Against'!$A$5:$A$22,K$5,'United Games Against'!AF$5:AF$22) -> 76 | X34: =AVERAGEIF('United Games Against'!$A$5:$A$22,L$5,'United Games Against'!AF$5:AF$22) -> 78 | Y34: =AVERAGEIF('United Games Against'!$A$5:$A$22,M$5,'United Games Against'!AF$5:AF$22) -> 77.5 | Z34: =AVERAGEIF('United Games Against'!$A$5:$A$22,N$5,'United Games Against'!AF$5:AF$22) -> 72 | AB34: =D34-P34 -> -9 | AC34: =E34-Q34 -> -5.5 | AD34: =F34-R34 -> 2.5 | AE34: =G34-S34 -> 0 | AF34: =H34-T34 -> 5 | AG34: =I34-U34 -> -2.5 | AH34: =J34-V34 -> -17 | AI34: =K34-W34 -> -15 | ... AL34: =N34-Z34 -> -11
A35: BTO | B35: Back-half turnovers | C35: N | D35: =AVERAGEIF('United Games For'!$A$5:$A$22,D$5,'United Games For'!AG$5:AG$22) -> 2 | E35: =AVERAGEIF('United Games For'!$A$5:$A$22,E$5,'United Games For'!AG$5:AG$22) -> 7 | F35: =AVERAGEIF('United Games For'!$A$5:$A$22,F$5,'United Games For'!AG$5:AG$22) -> 5 | G35: =AVERAGEIF('United Games For'!$A$5:$A$22,G$5,'United Games For'!AG$5:AG$22) -> 4 | H35: =AVERAGEIF('United Games For'!$A$5:$A$22,H$5,'United Games For'!AG$5:AG$22) -> 5 | I35: =AVERAGEIF('United Games For'!$A$5:$A$22,I$5,'United Games For'!AG$5:AG$22) -> 6.5 | J35: =AVERAGEIF('United Games For'!$A$5:$A$22,J$5,'United Games For'!AG$5:AG$22) -> 4 | K35: =AVERAGEIF('United Games For'!$A$5:$A$22,K$5,'United Games For'!AG$5:AG$22) -> 3 | L35: =AVERAGEIF('United Games For'!$A$5:$A$22,L$5,'United Games For'!AG$5:AG$22) -> 8 | M35: =AVERAGEIF('United Games For'!$A$5:$A$22,M$5,'United Games For'!AG$5:AG$22) -> 4.5 | N35: =AVERAGEIF('United Games For'!$A$5:$A$22,N$5,'United Games For'!AG$5:AG$22) -> 2.5 | P35: =AVERAGEIF('United Games Against'!$A$5:$A$22,D$5,'United Games Against'!AG$5:AG$22) -> 12 | Q35: =AVERAGEIF('United Games Against'!$A$5:$A$22,E$5,'United Games Against'!AG$5:AG$22) -> 4.5 | R35: =AVERAGEIF('United Games Against'!$A$5:$A$22,F$5,'United Games Against'!AG$5:AG$22) -> 4.5 | S35: =AVERAGEIF('United Games Against'!$A$5:$A$22,G$5,'United Games Against'!AG$5:AG$22) -> 4 | T35: =AVERAGEIF('United Games Against'!$A$5:$A$22,H$5,'United Games Against'!AG$5:AG$22) -> 4 | U35: =AVERAGEIF('United Games Against'!$A$5:$A$22,I$5,'United Games Against'!AG$5:AG$22) -> 6 | V35: =AVERAGEIF('United Games Against'!$A$5:$A$22,J$5,'United Games Against'!AG$5:AG$22) -> 4 | W35: =AVERAGEIF('United Games Against'!$A$5:$A$22,K$5,'United Games Against'!AG$5:AG$22) -> 8 | X35: =AVERAGEIF('United Games Against'!$A$5:$A$22,L$5,'United Games Against'!AG$5:AG$22) -> 4 | Y35: =AVERAGEIF('United Games Against'!$A$5:$A$22,M$5,'United Games Against'!AG$5:AG$22) -> 3 | Z35: =AVERAGEIF('United Games Against'!$A$5:$A$22,N$5,'United Games Against'!AG$5:AG$22) -> 10.5 | AB35: =D35-P35 -> -10 | AC35: =E35-Q35 -> 2.5 | AD35: =F35-R35 -> 0.5 | AE35: =G35-S35 -> 0 | AF35: =H35-T35 -> 1 | AG35: =I35-U35 -> 0.5 | AH35: =J35-V35 -> 0 | AI35: =K35-W35 -> -5 | ... AL35: =N35-Z35 -> -8
